0 info it worked if it ends with ok
1 verbose cli [ '/usr/local/bin/node',
1 verbose cli   '/usr/local/bin/npm',
1 verbose cli   'install',
1 verbose cli   'grunt-sass' ]
2 info using npm@3.5.2
3 info using node@v4.2.3
4 silly loadCurrentTree Starting
5 silly install loadCurrentTree
6 silly install readLocalPackageData
7 silly fetchPackageMetaData grunt-sass@~0.8.0
8 silly fetchNamedPackageData grunt-sass
9 silly mapToRegistry name grunt-sass
10 silly mapToRegistry using default registry
11 silly mapToRegistry registry https://registry.npmjs.org/
12 silly mapToRegistry uri https://registry.npmjs.org/grunt-sass
13 verbose request uri https://registry.npmjs.org/grunt-sass
14 verbose request no auth needed
15 info attempt registry request try #1 at 11:59:29 AM
16 verbose request id 53ec71e0db9b4b99
17 verbose etag "709XD9G1FYGZOPFX3ZHEUCCQ1"
18 http request GET https://registry.npmjs.org/grunt-sass
19 http 304 https://registry.npmjs.org/grunt-sass
20 verbose headers { date: 'Mon, 28 Dec 2015 19:59:29 GMT',
20 verbose headers   via: '1.1 varnish',
20 verbose headers   'cache-control': 'max-age=300',
20 verbose headers   etag: '"709XD9G1FYGZOPFX3ZHEUCCQ1"',
20 verbose headers   age: '0',
20 verbose headers   connection: 'keep-alive',
20 verbose headers   'x-served-by': 'cache-lax1430-LAX',
20 verbose headers   'x-cache': 'HIT',
20 verbose headers   'x-cache-hits': '1',
20 verbose headers   'x-timer': 'S1451332769.558461,VS0,VE183',
20 verbose headers   vary: 'Accept' }
21 silly get cb [ 304,
21 silly get   { date: 'Mon, 28 Dec 2015 19:59:29 GMT',
21 silly get     via: '1.1 varnish',
21 silly get     'cache-control': 'max-age=300',
21 silly get     etag: '"709XD9G1FYGZOPFX3ZHEUCCQ1"',
21 silly get     age: '0',
21 silly get     connection: 'keep-alive',
21 silly get     'x-served-by': 'cache-lax1430-LAX',
21 silly get     'x-cache': 'HIT',
21 silly get     'x-cache-hits': '1',
21 silly get     'x-timer': 'S1451332769.558461,VS0,VE183',
21 silly get     vary: 'Accept' } ]
22 verbose etag https://registry.npmjs.org/grunt-sass from cache
23 verbose get saving grunt-sass to /Users/drewcoll/.npm/registry.npmjs.org/grunt-sass/.cache.json
24 silly install normalizeTree
25 silly loadCurrentTree Finishing
26 silly loadIdealTree Starting
27 silly install loadIdealTree
28 silly cloneCurrentTree Starting
29 silly install cloneCurrentTreeToIdealTree
30 silly cloneCurrentTree Finishing
31 silly loadShrinkwrap Starting
32 silly install loadShrinkwrap
33 silly loadShrinkwrap Finishing
34 silly loadAllDepsIntoIdealTree Starting
35 silly install loadAllDepsIntoIdealTree
36 silly resolveWithNewModule grunt-sass@0.8.1 checking installable status
37 silly cache add args [ 'grunt-sass@~0.8.0', null ]
38 verbose cache add spec grunt-sass@~0.8.0
39 silly cache add parsed spec Result {
39 silly cache add   raw: 'grunt-sass@~0.8.0',
39 silly cache add   scope: null,
39 silly cache add   name: 'grunt-sass',
39 silly cache add   rawSpec: '~0.8.0',
39 silly cache add   spec: '>=0.8.0 <0.9.0',
39 silly cache add   type: 'range' }
40 silly addNamed grunt-sass@>=0.8.0 <0.9.0
41 verbose addNamed ">=0.8.0 <0.9.0" is a valid semver range for grunt-sass
42 silly addNameRange { name: 'grunt-sass', range: '>=0.8.0 <0.9.0', hasData: false }
43 silly mapToRegistry name grunt-sass
44 silly mapToRegistry using default registry
45 silly mapToRegistry registry https://registry.npmjs.org/
46 silly mapToRegistry uri https://registry.npmjs.org/grunt-sass
47 verbose addNameRange registry:https://registry.npmjs.org/grunt-sass not in flight; fetching
48 verbose get https://registry.npmjs.org/grunt-sass not expired, no request
49 silly addNameRange number 2 { name: 'grunt-sass', range: '>=0.8.0 <0.9.0', hasData: true }
50 silly addNameRange versions [ 'grunt-sass',
50 silly addNameRange   [ '0.1.0',
50 silly addNameRange     '0.2.1',
50 silly addNameRange     '0.2.2',
50 silly addNameRange     '0.2.3',
50 silly addNameRange     '0.2.4',
50 silly addNameRange     '0.2.5',
50 silly addNameRange     '0.3.0',
50 silly addNameRange     '0.4.0',
50 silly addNameRange     '0.4.1',
50 silly addNameRange     '0.5.0',
50 silly addNameRange     '0.6.0',
50 silly addNameRange     '0.6.1',
50 silly addNameRange     '0.7.0',
50 silly addNameRange     '0.8.0',
50 silly addNameRange     '0.8.1',
50 silly addNameRange     '0.9.0',
50 silly addNameRange     '0.10.0',
50 silly addNameRange     '0.11.0',
50 silly addNameRange     '0.12.0',
50 silly addNameRange     '0.12.1',
50 silly addNameRange     '0.13.0',
50 silly addNameRange     '0.13.1',
50 silly addNameRange     '0.14.0',
50 silly addNameRange     '0.14.1',
50 silly addNameRange     '0.14.2',
50 silly addNameRange     '0.15.0',
50 silly addNameRange     '0.16.0',
50 silly addNameRange     '0.16.1',
50 silly addNameRange     '0.17.0',
50 silly addNameRange     '0.18.0',
50 silly addNameRange     '0.18.1',
50 silly addNameRange     '1.0.0',
50 silly addNameRange     '1.1.0-beta',
50 silly addNameRange     '1.1.0' ] ]
51 silly addNamed grunt-sass@0.8.1
52 verbose addNamed "0.8.1" is a plain semver version for grunt-sass
53 silly cache afterAdd grunt-sass@0.8.1
54 verbose afterAdd /Users/drewcoll/.npm/grunt-sass/0.8.1/package/package.json not in flight; writing
55 verbose afterAdd /Users/drewcoll/.npm/grunt-sass/0.8.1/package/package.json written
56 silly fetchNamedPackageData node-sass
57 silly mapToRegistry name node-sass
58 silly mapToRegistry using default registry
59 silly mapToRegistry registry https://registry.npmjs.org/
60 silly mapToRegistry uri https://registry.npmjs.org/node-sass
61 silly fetchNamedPackageData async
62 silly mapToRegistry name async
63 silly mapToRegistry using default registry
64 silly mapToRegistry registry https://registry.npmjs.org/
65 silly mapToRegistry uri https://registry.npmjs.org/async
66 verbose request uri https://registry.npmjs.org/async
67 verbose request no auth needed
68 info attempt registry request try #1 at 11:59:29 AM
69 verbose etag "BQQM0SS2CPQ7ZG3ZDMA3YG5U5"
70 http request GET https://registry.npmjs.org/async
71 verbose request uri https://registry.npmjs.org/node-sass
72 verbose request no auth needed
73 info attempt registry request try #1 at 11:59:29 AM
74 verbose etag "D4CSBYXLTASPFR8U0VPYSIOL4"
75 http request GET https://registry.npmjs.org/node-sass
76 http 304 https://registry.npmjs.org/node-sass
77 verbose headers { date: 'Mon, 28 Dec 2015 19:59:30 GMT',
77 verbose headers   via: '1.1 varnish',
77 verbose headers   'cache-control': 'max-age=300',
77 verbose headers   etag: '"D4CSBYXLTASPFR8U0VPYSIOL4"',
77 verbose headers   age: '116',
77 verbose headers   connection: 'keep-alive',
77 verbose headers   'x-served-by': 'cache-lax1424-LAX',
77 verbose headers   'x-cache': 'HIT',
77 verbose headers   'x-cache-hits': '3',
77 verbose headers   'x-timer': 'S1451332770.030812,VS0,VE0',
77 verbose headers   vary: 'Accept' }
78 silly get cb [ 304,
78 silly get   { date: 'Mon, 28 Dec 2015 19:59:30 GMT',
78 silly get     via: '1.1 varnish',
78 silly get     'cache-control': 'max-age=300',
78 silly get     etag: '"D4CSBYXLTASPFR8U0VPYSIOL4"',
78 silly get     age: '116',
78 silly get     connection: 'keep-alive',
78 silly get     'x-served-by': 'cache-lax1424-LAX',
78 silly get     'x-cache': 'HIT',
78 silly get     'x-cache-hits': '3',
78 silly get     'x-timer': 'S1451332770.030812,VS0,VE0',
78 silly get     vary: 'Accept' } ]
79 verbose etag https://registry.npmjs.org/node-sass from cache
80 verbose get saving node-sass to /Users/drewcoll/.npm/registry.npmjs.org/node-sass/.cache.json
81 silly resolveWithNewModule node-sass@0.7.0 checking installable status
82 silly cache add args [ 'node-sass@~0.7.0', null ]
83 verbose cache add spec node-sass@~0.7.0
84 silly cache add parsed spec Result {
84 silly cache add   raw: 'node-sass@~0.7.0',
84 silly cache add   scope: null,
84 silly cache add   name: 'node-sass',
84 silly cache add   rawSpec: '~0.7.0',
84 silly cache add   spec: '>=0.7.0 <0.8.0',
84 silly cache add   type: 'range' }
85 silly addNamed node-sass@>=0.7.0 <0.8.0
86 verbose addNamed ">=0.7.0 <0.8.0" is a valid semver range for node-sass
87 silly addNameRange { name: 'node-sass', range: '>=0.7.0 <0.8.0', hasData: false }
88 silly mapToRegistry name node-sass
89 silly mapToRegistry using default registry
90 silly mapToRegistry registry https://registry.npmjs.org/
91 silly mapToRegistry uri https://registry.npmjs.org/node-sass
92 verbose addNameRange registry:https://registry.npmjs.org/node-sass not in flight; fetching
93 http 304 https://registry.npmjs.org/async
94 verbose headers { date: 'Mon, 28 Dec 2015 19:59:30 GMT',
94 verbose headers   via: '1.1 varnish',
94 verbose headers   'cache-control': 'max-age=300',
94 verbose headers   etag: '"BQQM0SS2CPQ7ZG3ZDMA3YG5U5"',
94 verbose headers   age: '237',
94 verbose headers   connection: 'keep-alive',
94 verbose headers   'x-served-by': 'cache-lax1420-LAX',
94 verbose headers   'x-cache': 'HIT',
94 verbose headers   'x-cache-hits': '26',
94 verbose headers   'x-timer': 'S1451332770.042339,VS0,VE0',
94 verbose headers   vary: 'Accept' }
95 silly get cb [ 304,
95 silly get   { date: 'Mon, 28 Dec 2015 19:59:30 GMT',
95 silly get     via: '1.1 varnish',
95 silly get     'cache-control': 'max-age=300',
95 silly get     etag: '"BQQM0SS2CPQ7ZG3ZDMA3YG5U5"',
95 silly get     age: '237',
95 silly get     connection: 'keep-alive',
95 silly get     'x-served-by': 'cache-lax1420-LAX',
95 silly get     'x-cache': 'HIT',
95 silly get     'x-cache-hits': '26',
95 silly get     'x-timer': 'S1451332770.042339,VS0,VE0',
95 silly get     vary: 'Accept' } ]
96 verbose etag https://registry.npmjs.org/async from cache
97 verbose get saving async to /Users/drewcoll/.npm/registry.npmjs.org/async/.cache.json
98 silly resolveWithNewModule async@0.2.10 checking installable status
99 silly cache add args [ 'async@~0.2.9', null ]
100 verbose cache add spec async@~0.2.9
101 silly cache add parsed spec Result {
101 silly cache add   raw: 'async@~0.2.9',
101 silly cache add   scope: null,
101 silly cache add   name: 'async',
101 silly cache add   rawSpec: '~0.2.9',
101 silly cache add   spec: '>=0.2.9 <0.3.0',
101 silly cache add   type: 'range' }
102 silly addNamed async@>=0.2.9 <0.3.0
103 verbose addNamed ">=0.2.9 <0.3.0" is a valid semver range for async
104 silly addNameRange { name: 'async', range: '>=0.2.9 <0.3.0', hasData: false }
105 silly mapToRegistry name async
106 silly mapToRegistry using default registry
107 silly mapToRegistry registry https://registry.npmjs.org/
108 silly mapToRegistry uri https://registry.npmjs.org/async
109 verbose addNameRange registry:https://registry.npmjs.org/async not in flight; fetching
110 verbose get https://registry.npmjs.org/node-sass not expired, no request
111 silly addNameRange number 2 { name: 'node-sass', range: '>=0.7.0 <0.8.0', hasData: true }
112 silly addNameRange versions [ 'node-sass',
112 silly addNameRange   [ '0.2.0',
112 silly addNameRange     '0.2.1',
112 silly addNameRange     '0.2.2',
112 silly addNameRange     '0.2.3',
112 silly addNameRange     '0.2.4',
112 silly addNameRange     '0.2.5',
112 silly addNameRange     '0.2.6',
112 silly addNameRange     '0.3.0',
112 silly addNameRange     '0.4.0',
112 silly addNameRange     '0.4.1',
112 silly addNameRange     '0.4.2',
112 silly addNameRange     '0.4.3',
112 silly addNameRange     '0.4.4',
112 silly addNameRange     '0.5.0',
112 silly addNameRange     '0.5.1',
112 silly addNameRange     '0.5.2',
112 silly addNameRange     '0.5.3',
112 silly addNameRange     '0.5.4',
112 silly addNameRange     '0.6.0',
112 silly addNameRange     '0.6.1',
112 silly addNameRange     '0.6.2',
112 silly addNameRange     '0.6.3',
112 silly addNameRange     '0.6.4',
112 silly addNameRange     '0.6.5',
112 silly addNameRange     '0.6.6',
112 silly addNameRange     '0.6.7',
112 silly addNameRange     '0.7.0-alpha',
112 silly addNameRange     '0.7.0',
112 silly addNameRange     '0.8.0',
112 silly addNameRange     '0.8.1',
112 silly addNameRange     '0.8.2',
112 silly addNameRange     '0.8.3',
112 silly addNameRange     '0.8.4',
112 silly addNameRange     '0.8.5',
112 silly addNameRange     '0.8.6',
112 silly addNameRange     '0.9.0',
112 silly addNameRange     '0.9.1',
112 silly addNameRange     '0.9.2',
112 silly addNameRange     '0.9.3',
112 silly addNameRange     '0.9.4-rc1',
112 silly addNameRange     '0.9.4',
112 silly addNameRange     '0.9.5-rc1',
112 silly addNameRange     '0.9.5',
112 silly addNameRange     '0.9.6',
112 silly addNameRange     '1.0.0',
112 silly addNameRange     '1.0.1',
112 silly addNameRange     '1.0.2-alpha',
112 silly addNameRange     '1.0.2',
112 silly addNameRange     '1.0.3',
112 silly addNameRange     '1.1.0',
112 silly addNameRange     '1.1.1',
112 silly addNameRange     '1.1.2',
112 silly addNameRange     '1.1.3',
112 silly addNameRange     '1.1.4',
112 silly addNameRange     '1.2.0',
112 silly addNameRange     '1.2.1',
112 silly addNameRange     '1.2.2',
112 silly addNameRange     '1.2.3',
112 silly addNameRange     '2.0.0-beta',
112 silly addNameRange     '2.0.0',
112 silly addNameRange     '2.0.1',
112 silly addNameRange     '3.0.0-alpha.0',
112 silly addNameRange     '3.0.0-beta.2',
112 silly addNameRange     '3.0.0-beta.3',
112 silly addNameRange     '3.0.0-beta.4',
112 silly addNameRange     '2.1.0',
112 silly addNameRange     '2.1.1',
112 silly addNameRange     '3.0.0-beta.5',
112 silly addNameRange     '3.0.0-beta.7',
112 silly addNameRange     '3.0.0',
112 silly addNameRange     '3.1.0',
112 silly addNameRange     '3.1.1',
112 silly addNameRange     '3.1.2',
112 silly addNameRange     '3.2.0',
112 silly addNameRange     '3.3.0',
112 silly addNameRange     '3.3.1',
112 silly addNameRange     '3.3.2',
112 silly addNameRange     '3.3.3',
112 silly addNameRange     '3.4.0-beta1',
112 silly addNameRange     '3.4.0-beta.2',
112 silly addNameRange     '3.4.0',
112 silly addNameRange     '3.4.1',
112 silly addNameRange     '3.4.2' ] ]
113 silly addNamed node-sass@0.7.0
114 verbose addNamed "0.7.0" is a plain semver version for node-sass
115 verbose get https://registry.npmjs.org/async not expired, no request
116 silly addNameRange number 2 { name: 'async', range: '>=0.2.9 <0.3.0', hasData: true }
117 silly addNameRange versions [ 'async',
117 silly addNameRange   [ '0.1.0',
117 silly addNameRange     '0.1.1',
117 silly addNameRange     '0.1.2',
117 silly addNameRange     '0.1.3',
117 silly addNameRange     '0.1.4',
117 silly addNameRange     '0.1.5',
117 silly addNameRange     '0.1.6',
117 silly addNameRange     '0.1.7',
117 silly addNameRange     '0.1.8',
117 silly addNameRange     '0.1.9',
117 silly addNameRange     '0.1.10',
117 silly addNameRange     '0.1.11',
117 silly addNameRange     '0.1.12',
117 silly addNameRange     '0.1.13',
117 silly addNameRange     '0.1.14',
117 silly addNameRange     '0.1.15',
117 silly addNameRange     '0.1.16',
117 silly addNameRange     '0.1.17',
117 silly addNameRange     '0.1.18',
117 silly addNameRange     '0.1.19',
117 silly addNameRange     '0.1.20',
117 silly addNameRange     '0.1.21',
117 silly addNameRange     '0.1.22',
117 silly addNameRange     '0.2.0',
117 silly addNameRange     '0.2.1',
117 silly addNameRange     '0.2.2',
117 silly addNameRange     '0.2.3',
117 silly addNameRange     '0.2.4',
117 silly addNameRange     '0.2.5',
117 silly addNameRange     '0.2.6',
117 silly addNameRange     '0.2.7',
117 silly addNameRange     '0.2.8',
117 silly addNameRange     '0.2.9',
117 silly addNameRange     '0.2.10',
117 silly addNameRange     '0.3.0',
117 silly addNameRange     '0.4.0',
117 silly addNameRange     '0.4.1',
117 silly addNameRange     '0.5.0',
117 silly addNameRange     '0.6.0',
117 silly addNameRange     '0.6.1',
117 silly addNameRange     '0.6.2',
117 silly addNameRange     '0.7.0',
117 silly addNameRange     '0.8.0',
117 silly addNameRange     '0.9.0',
117 silly addNameRange     '0.9.2',
117 silly addNameRange     '1.0.0',
117 silly addNameRange     '1.1.0',
117 silly addNameRange     '1.2.0',
117 silly addNameRange     '1.1.1',
117 silly addNameRange     '1.2.1',
117 silly addNameRange     '1.3.0',
117 silly addNameRange     '1.4.0',
117 silly addNameRange     '1.4.1',
117 silly addNameRange     '1.4.2',
117 silly addNameRange     '1.5.0' ] ]
118 silly addNamed async@0.2.10
119 verbose addNamed "0.2.10" is a plain semver version for async
120 silly cache afterAdd node-sass@0.7.0
121 verbose afterAdd /Users/drewcoll/.npm/node-sass/0.7.0/package/package.json not in flight; writing
122 silly cache afterAdd async@0.2.10
123 verbose afterAdd /Users/drewcoll/.npm/async/0.2.10/package/package.json not in flight; writing
124 verbose afterAdd /Users/drewcoll/.npm/node-sass/0.7.0/package/package.json written
125 verbose afterAdd /Users/drewcoll/.npm/async/0.2.10/package/package.json written
126 silly fetchNamedPackageData mkdirp
127 silly mapToRegistry name mkdirp
128 silly mapToRegistry using default registry
129 silly mapToRegistry registry https://registry.npmjs.org/
130 silly mapToRegistry uri https://registry.npmjs.org/mkdirp
131 silly fetchNamedPackageData colors
132 silly mapToRegistry name colors
133 silly mapToRegistry using default registry
134 silly mapToRegistry registry https://registry.npmjs.org/
135 silly mapToRegistry uri https://registry.npmjs.org/colors
136 silly fetchNamedPackageData optimist
137 silly mapToRegistry name optimist
138 silly mapToRegistry using default registry
139 silly mapToRegistry registry https://registry.npmjs.org/
140 silly mapToRegistry uri https://registry.npmjs.org/optimist
141 silly fetchNamedPackageData node-watch
142 silly mapToRegistry name node-watch
143 silly mapToRegistry using default registry
144 silly mapToRegistry registry https://registry.npmjs.org/
145 silly mapToRegistry uri https://registry.npmjs.org/node-watch
146 silly fetchNamedPackageData mocha
147 silly mapToRegistry name mocha
148 silly mapToRegistry using default registry
149 silly mapToRegistry registry https://registry.npmjs.org/
150 silly mapToRegistry uri https://registry.npmjs.org/mocha
151 verbose request uri https://registry.npmjs.org/colors
152 verbose request no auth needed
153 info attempt registry request try #1 at 11:59:30 AM
154 verbose etag "C05T9PO09HOM72WVMFD3O1GNZ"
155 http request GET https://registry.npmjs.org/colors
156 verbose request uri https://registry.npmjs.org/node-watch
157 verbose request no auth needed
158 info attempt registry request try #1 at 11:59:30 AM
159 verbose etag "B8PIHFA16MVGE04Y7TD4EQP8M"
160 http request GET https://registry.npmjs.org/node-watch
161 verbose request uri https://registry.npmjs.org/optimist
162 verbose request no auth needed
163 info attempt registry request try #1 at 11:59:30 AM
164 verbose etag "6CXUKRQ1RDWCGZOWF0ABF0B0Y"
165 http request GET https://registry.npmjs.org/optimist
166 verbose request uri https://registry.npmjs.org/mkdirp
167 verbose request no auth needed
168 info attempt registry request try #1 at 11:59:30 AM
169 verbose etag "E8Q7AAC67AWF4R8RPE1WOINJB"
170 http request GET https://registry.npmjs.org/mkdirp
171 verbose request uri https://registry.npmjs.org/mocha
172 verbose request no auth needed
173 info attempt registry request try #1 at 11:59:30 AM
174 verbose etag "B14IS2RAIAT15JJAPQNZJM0AN"
175 http request GET https://registry.npmjs.org/mocha
176 http 304 https://registry.npmjs.org/colors
177 verbose headers { date: 'Mon, 28 Dec 2015 19:59:30 GMT',
177 verbose headers   via: '1.1 varnish',
177 verbose headers   'cache-control': 'max-age=300',
177 verbose headers   etag: '"C05T9PO09HOM72WVMFD3O1GNZ"',
177 verbose headers   age: '192',
177 verbose headers   connection: 'keep-alive',
177 verbose headers   'x-served-by': 'cache-lax1427-LAX',
177 verbose headers   'x-cache': 'HIT',
177 verbose headers   'x-cache-hits': '12',
177 verbose headers   'x-timer': 'S1451332770.393669,VS0,VE0',
177 verbose headers   vary: 'Accept' }
178 silly get cb [ 304,
178 silly get   { date: 'Mon, 28 Dec 2015 19:59:30 GMT',
178 silly get     via: '1.1 varnish',
178 silly get     'cache-control': 'max-age=300',
178 silly get     etag: '"C05T9PO09HOM72WVMFD3O1GNZ"',
178 silly get     age: '192',
178 silly get     connection: 'keep-alive',
178 silly get     'x-served-by': 'cache-lax1427-LAX',
178 silly get     'x-cache': 'HIT',
178 silly get     'x-cache-hits': '12',
178 silly get     'x-timer': 'S1451332770.393669,VS0,VE0',
178 silly get     vary: 'Accept' } ]
179 verbose etag https://registry.npmjs.org/colors from cache
180 verbose get saving colors to /Users/drewcoll/.npm/registry.npmjs.org/colors/.cache.json
181 silly resolveWithNewModule colors@0.6.0-1 checking installable status
182 silly cache add args [ 'colors@0.6.0-1', null ]
183 verbose cache add spec colors@0.6.0-1
184 silly cache add parsed spec Result {
184 silly cache add   raw: 'colors@0.6.0-1',
184 silly cache add   scope: null,
184 silly cache add   name: 'colors',
184 silly cache add   rawSpec: '0.6.0-1',
184 silly cache add   spec: '0.6.0-1',
184 silly cache add   type: 'version' }
185 silly addNamed colors@0.6.0-1
186 verbose addNamed "0.6.0-1" is a plain semver version for colors
187 silly mapToRegistry name colors
188 silly mapToRegistry using default registry
189 silly mapToRegistry registry https://registry.npmjs.org/
190 silly mapToRegistry uri https://registry.npmjs.org/colors
191 verbose addNameVersion registry:https://registry.npmjs.org/colors not in flight; fetching
192 http 304 https://registry.npmjs.org/node-watch
193 verbose headers { date: 'Mon, 28 Dec 2015 19:59:30 GMT',
193 verbose headers   via: '1.1 varnish',
193 verbose headers   'cache-control': 'max-age=300',
193 verbose headers   etag: '"B8PIHFA16MVGE04Y7TD4EQP8M"',
193 verbose headers   age: '164',
193 verbose headers   connection: 'keep-alive',
193 verbose headers   'x-served-by': 'cache-lax1420-LAX',
193 verbose headers   'x-cache': 'HIT',
193 verbose headers   'x-cache-hits': '1',
193 verbose headers   'x-timer': 'S1451332770.401632,VS0,VE0',
193 verbose headers   vary: 'Accept' }
194 silly get cb [ 304,
194 silly get   { date: 'Mon, 28 Dec 2015 19:59:30 GMT',
194 silly get     via: '1.1 varnish',
194 silly get     'cache-control': 'max-age=300',
194 silly get     etag: '"B8PIHFA16MVGE04Y7TD4EQP8M"',
194 silly get     age: '164',
194 silly get     connection: 'keep-alive',
194 silly get     'x-served-by': 'cache-lax1420-LAX',
194 silly get     'x-cache': 'HIT',
194 silly get     'x-cache-hits': '1',
194 silly get     'x-timer': 'S1451332770.401632,VS0,VE0',
194 silly get     vary: 'Accept' } ]
195 verbose etag https://registry.npmjs.org/node-watch from cache
196 verbose get saving node-watch to /Users/drewcoll/.npm/registry.npmjs.org/node-watch/.cache.json
197 http 304 https://registry.npmjs.org/optimist
198 verbose headers { date: 'Mon, 28 Dec 2015 19:59:30 GMT',
198 verbose headers   via: '1.1 varnish',
198 verbose headers   'cache-control': 'max-age=300',
198 verbose headers   etag: '"6CXUKRQ1RDWCGZOWF0ABF0B0Y"',
198 verbose headers   age: '212',
198 verbose headers   connection: 'keep-alive',
198 verbose headers   'x-served-by': 'cache-lax1421-LAX',
198 verbose headers   'x-cache': 'HIT',
198 verbose headers   'x-cache-hits': '10',
198 verbose headers   'x-timer': 'S1451332770.403014,VS0,VE0',
198 verbose headers   vary: 'Accept' }
199 silly get cb [ 304,
199 silly get   { date: 'Mon, 28 Dec 2015 19:59:30 GMT',
199 silly get     via: '1.1 varnish',
199 silly get     'cache-control': 'max-age=300',
199 silly get     etag: '"6CXUKRQ1RDWCGZOWF0ABF0B0Y"',
199 silly get     age: '212',
199 silly get     connection: 'keep-alive',
199 silly get     'x-served-by': 'cache-lax1421-LAX',
199 silly get     'x-cache': 'HIT',
199 silly get     'x-cache-hits': '10',
199 silly get     'x-timer': 'S1451332770.403014,VS0,VE0',
199 silly get     vary: 'Accept' } ]
200 verbose etag https://registry.npmjs.org/optimist from cache
201 verbose get saving optimist to /Users/drewcoll/.npm/registry.npmjs.org/optimist/.cache.json
202 silly resolveWithNewModule node-watch@0.3.5 checking installable status
203 silly cache add args [ 'node-watch@0.3.x', null ]
204 verbose cache add spec node-watch@0.3.x
205 silly cache add parsed spec Result {
205 silly cache add   raw: 'node-watch@0.3.x',
205 silly cache add   scope: null,
205 silly cache add   name: 'node-watch',
205 silly cache add   rawSpec: '0.3.x',
205 silly cache add   spec: '>=0.3.0 <0.4.0',
205 silly cache add   type: 'range' }
206 silly addNamed node-watch@>=0.3.0 <0.4.0
207 verbose addNamed ">=0.3.0 <0.4.0" is a valid semver range for node-watch
208 silly addNameRange { name: 'node-watch', range: '>=0.3.0 <0.4.0', hasData: false }
209 silly mapToRegistry name node-watch
210 silly mapToRegistry using default registry
211 silly mapToRegistry registry https://registry.npmjs.org/
212 silly mapToRegistry uri https://registry.npmjs.org/node-watch
213 verbose addNameRange registry:https://registry.npmjs.org/node-watch not in flight; fetching
214 silly resolveWithNewModule optimist@0.6.1 checking installable status
215 silly cache add args [ 'optimist@0.6.x', null ]
216 verbose cache add spec optimist@0.6.x
217 silly cache add parsed spec Result {
217 silly cache add   raw: 'optimist@0.6.x',
217 silly cache add   scope: null,
217 silly cache add   name: 'optimist',
217 silly cache add   rawSpec: '0.6.x',
217 silly cache add   spec: '>=0.6.0 <0.7.0',
217 silly cache add   type: 'range' }
218 silly addNamed optimist@>=0.6.0 <0.7.0
219 verbose addNamed ">=0.6.0 <0.7.0" is a valid semver range for optimist
220 silly addNameRange { name: 'optimist', range: '>=0.6.0 <0.7.0', hasData: false }
221 silly mapToRegistry name optimist
222 silly mapToRegistry using default registry
223 silly mapToRegistry registry https://registry.npmjs.org/
224 silly mapToRegistry uri https://registry.npmjs.org/optimist
225 verbose addNameRange registry:https://registry.npmjs.org/optimist not in flight; fetching
226 http 304 https://registry.npmjs.org/mkdirp
227 verbose headers { date: 'Mon, 28 Dec 2015 19:59:30 GMT',
227 verbose headers   via: '1.1 varnish',
227 verbose headers   'cache-control': 'max-age=300',
227 verbose headers   etag: '"E8Q7AAC67AWF4R8RPE1WOINJB"',
227 verbose headers   age: '46',
227 verbose headers   connection: 'keep-alive',
227 verbose headers   'x-served-by': 'cache-lax1433-LAX',
227 verbose headers   'x-cache': 'HIT',
227 verbose headers   'x-cache-hits': '7',
227 verbose headers   'x-timer': 'S1451332770.406473,VS0,VE0',
227 verbose headers   vary: 'Accept' }
228 silly get cb [ 304,
228 silly get   { date: 'Mon, 28 Dec 2015 19:59:30 GMT',
228 silly get     via: '1.1 varnish',
228 silly get     'cache-control': 'max-age=300',
228 silly get     etag: '"E8Q7AAC67AWF4R8RPE1WOINJB"',
228 silly get     age: '46',
228 silly get     connection: 'keep-alive',
228 silly get     'x-served-by': 'cache-lax1433-LAX',
228 silly get     'x-cache': 'HIT',
228 silly get     'x-cache-hits': '7',
228 silly get     'x-timer': 'S1451332770.406473,VS0,VE0',
228 silly get     vary: 'Accept' } ]
229 verbose etag https://registry.npmjs.org/mkdirp from cache
230 verbose get saving mkdirp to /Users/drewcoll/.npm/registry.npmjs.org/mkdirp/.cache.json
231 verbose get https://registry.npmjs.org/colors not expired, no request
232 verbose get https://registry.npmjs.org/node-watch not expired, no request
233 silly addNameRange number 2 { name: 'node-watch', range: '>=0.3.0 <0.4.0', hasData: true }
234 silly addNameRange versions [ 'node-watch',
234 silly addNameRange   [ '0.1.0',
234 silly addNameRange     '0.1.1',
234 silly addNameRange     '0.2.0',
234 silly addNameRange     '0.2.1',
234 silly addNameRange     '0.2.2',
234 silly addNameRange     '0.2.3',
234 silly addNameRange     '0.2.4',
234 silly addNameRange     '0.2.5',
234 silly addNameRange     '0.2.6',
234 silly addNameRange     '0.2.7',
234 silly addNameRange     '0.2.8',
234 silly addNameRange     '0.2.9',
234 silly addNameRange     '0.3.0',
234 silly addNameRange     '0.3.1',
234 silly addNameRange     '0.3.2',
234 silly addNameRange     '0.3.3',
234 silly addNameRange     '0.3.4',
234 silly addNameRange     '0.3.5' ] ]
235 silly addNamed node-watch@0.3.5
236 verbose addNamed "0.3.5" is a plain semver version for node-watch
237 silly cache afterAdd colors@0.6.0-1
238 verbose afterAdd /Users/drewcoll/.npm/colors/0.6.0-1/package/package.json not in flight; writing
239 silly cache afterAdd node-watch@0.3.5
240 verbose afterAdd /Users/drewcoll/.npm/node-watch/0.3.5/package/package.json not in flight; writing
241 silly resolveWithNewModule mkdirp@0.3.5 checking installable status
242 silly cache add args [ 'mkdirp@0.3.x', null ]
243 verbose cache add spec mkdirp@0.3.x
244 silly cache add parsed spec Result {
244 silly cache add   raw: 'mkdirp@0.3.x',
244 silly cache add   scope: null,
244 silly cache add   name: 'mkdirp',
244 silly cache add   rawSpec: '0.3.x',
244 silly cache add   spec: '>=0.3.0 <0.4.0',
244 silly cache add   type: 'range' }
245 silly addNamed mkdirp@>=0.3.0 <0.4.0
246 verbose addNamed ">=0.3.0 <0.4.0" is a valid semver range for mkdirp
247 silly addNameRange { name: 'mkdirp', range: '>=0.3.0 <0.4.0', hasData: false }
248 silly mapToRegistry name mkdirp
249 silly mapToRegistry using default registry
250 silly mapToRegistry registry https://registry.npmjs.org/
251 silly mapToRegistry uri https://registry.npmjs.org/mkdirp
252 verbose addNameRange registry:https://registry.npmjs.org/mkdirp not in flight; fetching
253 verbose afterAdd /Users/drewcoll/.npm/node-watch/0.3.5/package/package.json written
254 verbose afterAdd /Users/drewcoll/.npm/colors/0.6.0-1/package/package.json written
255 verbose get https://registry.npmjs.org/optimist not expired, no request
256 silly addNameRange number 2 { name: 'optimist', range: '>=0.6.0 <0.7.0', hasData: true }
257 silly addNameRange versions [ 'optimist',
257 silly addNameRange   [ '0.0.1',
257 silly addNameRange     '0.0.2',
257 silly addNameRange     '0.0.4',
257 silly addNameRange     '0.0.5',
257 silly addNameRange     '0.0.6',
257 silly addNameRange     '0.0.7',
257 silly addNameRange     '0.1.0',
257 silly addNameRange     '0.1.1',
257 silly addNameRange     '0.1.2',
257 silly addNameRange     '0.1.3',
257 silly addNameRange     '0.1.4',
257 silly addNameRange     '0.1.5',
257 silly addNameRange     '0.1.6',
257 silly addNameRange     '0.1.7',
257 silly addNameRange     '0.1.8',
257 silly addNameRange     '0.1.9',
257 silly addNameRange     '0.0.3',
257 silly addNameRange     '0.2.0',
257 silly addNameRange     '0.2.1',
257 silly addNameRange     '0.2.2',
257 silly addNameRange     '0.2.3',
257 silly addNameRange     '0.2.4',
257 silly addNameRange     '0.2.5',
257 silly addNameRange     '0.2.6',
257 silly addNameRange     '0.2.7',
257 silly addNameRange     '0.2.8',
257 silly addNameRange     '0.3.0',
257 silly addNameRange     '0.3.1',
257 silly addNameRange     '0.3.3',
257 silly addNameRange     '0.3.4',
257 silly addNameRange     '0.3.5',
257 silly addNameRange     '0.3.6',
257 silly addNameRange     '0.3.7',
257 silly addNameRange     '0.4.0',
257 silly addNameRange     '0.5.0',
257 silly addNameRange     '0.5.1',
257 silly addNameRange     '0.5.2',
257 silly addNameRange     '0.6.0',
257 silly addNameRange     '0.6.1' ] ]
258 silly addNamed optimist@0.6.1
259 verbose addNamed "0.6.1" is a plain semver version for optimist
260 verbose get https://registry.npmjs.org/mkdirp not expired, no request
261 silly addNameRange number 2 { name: 'mkdirp', range: '>=0.3.0 <0.4.0', hasData: true }
262 silly addNameRange versions [ 'mkdirp',
262 silly addNameRange   [ '0.0.1',
262 silly addNameRange     '0.0.2',
262 silly addNameRange     '0.0.3',
262 silly addNameRange     '0.0.4',
262 silly addNameRange     '0.0.5',
262 silly addNameRange     '0.0.6',
262 silly addNameRange     '0.0.7',
262 silly addNameRange     '0.1.0',
262 silly addNameRange     '0.2.0',
262 silly addNameRange     '0.2.1',
262 silly addNameRange     '0.2.2',
262 silly addNameRange     '0.3.0',
262 silly addNameRange     '0.3.1',
262 silly addNameRange     '0.3.2',
262 silly addNameRange     '0.3.3',
262 silly addNameRange     '0.3.4',
262 silly addNameRange     '0.3.5',
262 silly addNameRange     '0.4.0',
262 silly addNameRange     '0.4.1',
262 silly addNameRange     '0.4.2',
262 silly addNameRange     '0.5.0',
262 silly addNameRange     '0.5.1' ] ]
263 silly addNamed mkdirp@0.3.5
264 verbose addNamed "0.3.5" is a plain semver version for mkdirp
265 silly cache afterAdd optimist@0.6.1
266 verbose afterAdd /Users/drewcoll/.npm/optimist/0.6.1/package/package.json not in flight; writing
267 silly cache afterAdd mkdirp@0.3.5
268 verbose afterAdd /Users/drewcoll/.npm/mkdirp/0.3.5/package/package.json not in flight; writing
269 verbose afterAdd /Users/drewcoll/.npm/optimist/0.6.1/package/package.json written
270 verbose afterAdd /Users/drewcoll/.npm/mkdirp/0.3.5/package/package.json written
271 http 304 https://registry.npmjs.org/mocha
272 verbose headers { date: 'Mon, 28 Dec 2015 19:59:30 GMT',
272 verbose headers   via: '1.1 varnish',
272 verbose headers   'cache-control': 'max-age=300',
272 verbose headers   etag: '"B14IS2RAIAT15JJAPQNZJM0AN"',
272 verbose headers   age: '0',
272 verbose headers   connection: 'keep-alive',
272 verbose headers   'x-served-by': 'cache-lax1433-LAX',
272 verbose headers   'x-cache': 'HIT',
272 verbose headers   'x-cache-hits': '1',
272 verbose headers   'x-timer': 'S1451332770.403171,VS0,VE46',
272 verbose headers   vary: 'Accept' }
273 silly get cb [ 304,
273 silly get   { date: 'Mon, 28 Dec 2015 19:59:30 GMT',
273 silly get     via: '1.1 varnish',
273 silly get     'cache-control': 'max-age=300',
273 silly get     etag: '"B14IS2RAIAT15JJAPQNZJM0AN"',
273 silly get     age: '0',
273 silly get     connection: 'keep-alive',
273 silly get     'x-served-by': 'cache-lax1433-LAX',
273 silly get     'x-cache': 'HIT',
273 silly get     'x-cache-hits': '1',
273 silly get     'x-timer': 'S1451332770.403171,VS0,VE46',
273 silly get     vary: 'Accept' } ]
274 verbose etag https://registry.npmjs.org/mocha from cache
275 verbose get saving mocha to /Users/drewcoll/.npm/registry.npmjs.org/mocha/.cache.json
276 silly resolveWithNewModule mocha@1.13.0 checking installable status
277 silly cache add args [ 'mocha@1.13.x', null ]
278 verbose cache add spec mocha@1.13.x
279 silly cache add parsed spec Result {
279 silly cache add   raw: 'mocha@1.13.x',
279 silly cache add   scope: null,
279 silly cache add   name: 'mocha',
279 silly cache add   rawSpec: '1.13.x',
279 silly cache add   spec: '>=1.13.0 <1.14.0',
279 silly cache add   type: 'range' }
280 silly addNamed mocha@>=1.13.0 <1.14.0
281 verbose addNamed ">=1.13.0 <1.14.0" is a valid semver range for mocha
282 silly addNameRange { name: 'mocha', range: '>=1.13.0 <1.14.0', hasData: false }
283 silly mapToRegistry name mocha
284 silly mapToRegistry using default registry
285 silly mapToRegistry registry https://registry.npmjs.org/
286 silly mapToRegistry uri https://registry.npmjs.org/mocha
287 verbose addNameRange registry:https://registry.npmjs.org/mocha not in flight; fetching
288 verbose get https://registry.npmjs.org/mocha not expired, no request
289 silly addNameRange number 2 { name: 'mocha', range: '>=1.13.0 <1.14.0', hasData: true }
290 silly addNameRange versions [ 'mocha',
290 silly addNameRange   [ '0.0.1-alpha1',
290 silly addNameRange     '0.0.1-alpha2',
290 silly addNameRange     '0.0.1-alpha3',
290 silly addNameRange     '0.0.1-alpha4',
290 silly addNameRange     '0.0.1-alpha5',
290 silly addNameRange     '0.0.1-alpha6',
290 silly addNameRange     '0.0.1',
290 silly addNameRange     '0.0.2',
290 silly addNameRange     '0.0.3',
290 silly addNameRange     '0.0.4',
290 silly addNameRange     '0.0.5',
290 silly addNameRange     '0.0.6',
290 silly addNameRange     '0.0.7',
290 silly addNameRange     '0.0.8',
290 silly addNameRange     '0.1.0',
290 silly addNameRange     '0.2.0',
290 silly addNameRange     '0.3.0',
290 silly addNameRange     '0.3.1',
290 silly addNameRange     '0.3.2',
290 silly addNameRange     '0.3.3',
290 silly addNameRange     '0.3.4',
290 silly addNameRange     '0.3.6',
290 silly addNameRange     '0.4.0',
290 silly addNameRange     '0.5.0',
290 silly addNameRange     '0.6.0',
290 silly addNameRange     '0.7.0',
290 silly addNameRange     '0.7.1',
290 silly addNameRange     '0.8.0',
290 silly addNameRange     '0.8.1',
290 silly addNameRange     '0.9.0',
290 silly addNameRange     '0.10.0',
290 silly addNameRange     '0.10.1',
290 silly addNameRange     '0.10.2',
290 silly addNameRange     '0.11.0',
290 silly addNameRange     '0.12.0',
290 silly addNameRange     '0.12.1',
290 silly addNameRange     '0.13.0',
290 silly addNameRange     '0.14.0',
290 silly addNameRange     '0.14.1',
290 silly addNameRange     '1.0.0',
290 silly addNameRange     '1.0.1',
290 silly addNameRange     '1.0.2',
290 silly addNameRange     '1.0.3',
290 silly addNameRange     '1.1.0',
290 silly addNameRange     '1.2.0',
290 silly addNameRange     '1.2.1',
290 silly addNameRange     '1.2.2',
290 silly addNameRange     '1.3.0',
290 silly addNameRange     '1.3.1',
290 silly addNameRange     '1.3.2',
290 silly addNameRange     '1.4.0',
290 silly addNameRange     '1.4.1',
290 silly addNameRange     '1.4.2',
290 silly addNameRange     '1.4.3',
290 silly addNameRange     '1.5.0',
290 silly addNameRange     '1.6.0',
290 silly addNameRange     '1.7.0',
290 silly addNameRange     '1.7.1',
290 silly addNameRange     '1.7.2',
290 silly addNameRange     '1.7.3',
290 silly addNameRange     '1.7.4',
290 silly addNameRange     '1.8.0',
290 silly addNameRange     '1.8.1',
290 silly addNameRange     '1.8.2',
290 silly addNameRange     '1.9.0',
290 silly addNameRange     '1.10.0',
290 silly addNameRange     '1.11.0',
290 silly addNameRange     '1.12.0',
290 silly addNameRange     '1.12.1',
290 silly addNameRange     '1.13.0',
290 silly addNameRange     '1.14.0',
290 silly addNameRange     '1.15.0',
290 silly addNameRange     '1.15.1',
290 silly addNameRange     '1.16.0',
290 silly addNameRange     '1.16.1',
290 silly addNameRange     '1.16.2',
290 silly addNameRange     '1.17.0',
290 silly addNameRange     '1.17.1',
290 silly addNameRange     '1.18.0',
290 silly addNameRange     '1.18.1',
290 silly addNameRange     '1.18.2',
290 silly addNameRange     '1.19.0',
290 silly addNameRange     '1.20.0',
290 silly addNameRange     '1.20.1',
290 silly addNameRange     '1.21.0',
290 silly addNameRange     '1.21.1',
290 silly addNameRange     '1.21.2',
290 silly addNameRange     '1.21.3',
290 silly addNameRange     '1.21.4',
290 silly addNameRange     '1.21.5',
290 silly addNameRange     '2.0.0',
290 silly addNameRange     '2.0.1',
290 silly addNameRange     '2.1.0',
290 silly addNameRange     '2.2.0',
290 silly addNameRange     '2.2.1',
290 silly addNameRange     '2.2.3',
290 silly addNameRange     '2.2.4',
290 silly addNameRange     '2.2.5',
290 silly addNameRange     '2.3.0',
290 silly addNameRange     '2.3.1',
290 silly addNameRange     '2.3.2',
290 silly addNameRange     '2.3.3',
290 silly addNameRange     '2.3.4' ] ]
291 silly addNamed mocha@1.13.0
292 verbose addNamed "1.13.0" is a plain semver version for mocha
293 silly cache afterAdd mocha@1.13.0
294 verbose afterAdd /Users/drewcoll/.npm/mocha/1.13.0/package/package.json not in flight; writing
295 verbose afterAdd /Users/drewcoll/.npm/mocha/1.13.0/package/package.json written
296 silly fetchNamedPackageData commander
297 silly mapToRegistry name commander
298 silly mapToRegistry using default registry
299 silly mapToRegistry registry https://registry.npmjs.org/
300 silly mapToRegistry uri https://registry.npmjs.org/commander
301 silly fetchNamedPackageData growl
302 silly mapToRegistry name growl
303 silly mapToRegistry using default registry
304 silly mapToRegistry registry https://registry.npmjs.org/
305 silly mapToRegistry uri https://registry.npmjs.org/growl
306 silly fetchNamedPackageData jade
307 silly mapToRegistry name jade
308 silly mapToRegistry using default registry
309 silly mapToRegistry registry https://registry.npmjs.org/
310 silly mapToRegistry uri https://registry.npmjs.org/jade
311 silly fetchNamedPackageData diff
312 silly mapToRegistry name diff
313 silly mapToRegistry using default registry
314 silly mapToRegistry registry https://registry.npmjs.org/
315 silly mapToRegistry uri https://registry.npmjs.org/diff
316 silly fetchNamedPackageData mkdirp
317 silly mapToRegistry name mkdirp
318 silly mapToRegistry using default registry
319 silly mapToRegistry registry https://registry.npmjs.org/
320 silly mapToRegistry uri https://registry.npmjs.org/mkdirp
321 silly fetchNamedPackageData glob
322 silly mapToRegistry name glob
323 silly mapToRegistry using default registry
324 silly mapToRegistry registry https://registry.npmjs.org/
325 silly mapToRegistry uri https://registry.npmjs.org/glob
326 verbose request uri https://registry.npmjs.org/commander
327 verbose request no auth needed
328 info attempt registry request try #1 at 11:59:30 AM
329 verbose etag "EPZTTFB4NNE5PZRYLMT0T0J2V"
330 http request GET https://registry.npmjs.org/commander
331 verbose request uri https://registry.npmjs.org/growl
332 verbose request no auth needed
333 info attempt registry request try #1 at 11:59:30 AM
334 verbose etag "6PKCHLDZRJVP98V8ELUMW4FBS"
335 http request GET https://registry.npmjs.org/growl
336 verbose request uri https://registry.npmjs.org/jade
337 verbose request no auth needed
338 info attempt registry request try #1 at 11:59:30 AM
339 verbose etag "9TPVXZTUGV2VQHDWF18W6B7E9"
340 http request GET https://registry.npmjs.org/jade
341 verbose request uri https://registry.npmjs.org/diff
342 verbose request no auth needed
343 info attempt registry request try #1 at 11:59:30 AM
344 verbose etag "C2JR8VIFOCSEV2B6HYFHDDE8H"
345 http request GET https://registry.npmjs.org/diff
346 verbose request uri https://registry.npmjs.org/glob
347 verbose request no auth needed
348 info attempt registry request try #1 at 11:59:30 AM
349 verbose etag "35LSUK3ZVVWE83UZHSN9S342Z"
350 http request GET https://registry.npmjs.org/glob
351 http 304 https://registry.npmjs.org/commander
352 verbose headers { date: 'Mon, 28 Dec 2015 19:59:30 GMT',
352 verbose headers   via: '1.1 varnish',
352 verbose headers   'cache-control': 'max-age=300',
352 verbose headers   etag: '"EPZTTFB4NNE5PZRYLMT0T0J2V"',
352 verbose headers   age: '91',
352 verbose headers   connection: 'keep-alive',
352 verbose headers   'x-served-by': 'cache-lax1435-LAX',
352 verbose headers   'x-cache': 'HIT',
352 verbose headers   'x-cache-hits': '5',
352 verbose headers   'x-timer': 'S1451332770.638608,VS0,VE0',
352 verbose headers   vary: 'Accept' }
353 silly get cb [ 304,
353 silly get   { date: 'Mon, 28 Dec 2015 19:59:30 GMT',
353 silly get     via: '1.1 varnish',
353 silly get     'cache-control': 'max-age=300',
353 silly get     etag: '"EPZTTFB4NNE5PZRYLMT0T0J2V"',
353 silly get     age: '91',
353 silly get     connection: 'keep-alive',
353 silly get     'x-served-by': 'cache-lax1435-LAX',
353 silly get     'x-cache': 'HIT',
353 silly get     'x-cache-hits': '5',
353 silly get     'x-timer': 'S1451332770.638608,VS0,VE0',
353 silly get     vary: 'Accept' } ]
354 verbose etag https://registry.npmjs.org/commander from cache
355 verbose get saving commander to /Users/drewcoll/.npm/registry.npmjs.org/commander/.cache.json
356 http 304 https://registry.npmjs.org/glob
357 verbose headers { date: 'Mon, 28 Dec 2015 19:59:30 GMT',
357 verbose headers   via: '1.1 varnish',
357 verbose headers   'cache-control': 'max-age=300',
357 verbose headers   etag: '"35LSUK3ZVVWE83UZHSN9S342Z"',
357 verbose headers   age: '81',
357 verbose headers   connection: 'keep-alive',
357 verbose headers   'x-served-by': 'cache-lax1429-LAX',
357 verbose headers   'x-cache': 'HIT',
357 verbose headers   'x-cache-hits': '6',
357 verbose headers   'x-timer': 'S1451332770.639601,VS0,VE0',
357 verbose headers   vary: 'Accept' }
358 silly get cb [ 304,
358 silly get   { date: 'Mon, 28 Dec 2015 19:59:30 GMT',
358 silly get     via: '1.1 varnish',
358 silly get     'cache-control': 'max-age=300',
358 silly get     etag: '"35LSUK3ZVVWE83UZHSN9S342Z"',
358 silly get     age: '81',
358 silly get     connection: 'keep-alive',
358 silly get     'x-served-by': 'cache-lax1429-LAX',
358 silly get     'x-cache': 'HIT',
358 silly get     'x-cache-hits': '6',
358 silly get     'x-timer': 'S1451332770.639601,VS0,VE0',
358 silly get     vary: 'Accept' } ]
359 verbose etag https://registry.npmjs.org/glob from cache
360 verbose get saving glob to /Users/drewcoll/.npm/registry.npmjs.org/glob/.cache.json
361 http 304 https://registry.npmjs.org/diff
362 verbose headers { date: 'Mon, 28 Dec 2015 19:59:30 GMT',
362 verbose headers   via: '1.1 varnish',
362 verbose headers   'cache-control': 'max-age=60',
362 verbose headers   etag: '"C2JR8VIFOCSEV2B6HYFHDDE8H"',
362 verbose headers   age: '32',
362 verbose headers   connection: 'keep-alive',
362 verbose headers   'x-served-by': 'cache-lax1423-LAX',
362 verbose headers   'x-cache': 'HIT',
362 verbose headers   'x-cache-hits': '1',
362 verbose headers   'x-timer': 'S1451332770.639013,VS0,VE0',
362 verbose headers   vary: 'Accept' }
363 silly get cb [ 304,
363 silly get   { date: 'Mon, 28 Dec 2015 19:59:30 GMT',
363 silly get     via: '1.1 varnish',
363 silly get     'cache-control': 'max-age=60',
363 silly get     etag: '"C2JR8VIFOCSEV2B6HYFHDDE8H"',
363 silly get     age: '32',
363 silly get     connection: 'keep-alive',
363 silly get     'x-served-by': 'cache-lax1423-LAX',
363 silly get     'x-cache': 'HIT',
363 silly get     'x-cache-hits': '1',
363 silly get     'x-timer': 'S1451332770.639013,VS0,VE0',
363 silly get     vary: 'Accept' } ]
364 verbose etag https://registry.npmjs.org/diff from cache
365 verbose get saving diff to /Users/drewcoll/.npm/registry.npmjs.org/diff/.cache.json
366 http 304 https://registry.npmjs.org/growl
367 verbose headers { date: 'Mon, 28 Dec 2015 19:59:30 GMT',
367 verbose headers   via: '1.1 varnish',
367 verbose headers   'cache-control': 'max-age=300',
367 verbose headers   etag: '"6PKCHLDZRJVP98V8ELUMW4FBS"',
367 verbose headers   age: '258',
367 verbose headers   connection: 'keep-alive',
367 verbose headers   'x-served-by': 'cache-lax1423-LAX',
367 verbose headers   'x-cache': 'HIT',
367 verbose headers   'x-cache-hits': '3',
367 verbose headers   'x-timer': 'S1451332770.643549,VS0,VE0',
367 verbose headers   vary: 'Accept' }
368 silly get cb [ 304,
368 silly get   { date: 'Mon, 28 Dec 2015 19:59:30 GMT',
368 silly get     via: '1.1 varnish',
368 silly get     'cache-control': 'max-age=300',
368 silly get     etag: '"6PKCHLDZRJVP98V8ELUMW4FBS"',
368 silly get     age: '258',
368 silly get     connection: 'keep-alive',
368 silly get     'x-served-by': 'cache-lax1423-LAX',
368 silly get     'x-cache': 'HIT',
368 silly get     'x-cache-hits': '3',
368 silly get     'x-timer': 'S1451332770.643549,VS0,VE0',
368 silly get     vary: 'Accept' } ]
369 verbose etag https://registry.npmjs.org/growl from cache
370 verbose get saving growl to /Users/drewcoll/.npm/registry.npmjs.org/growl/.cache.json
371 silly resolveWithNewModule commander@0.6.1 checking installable status
372 silly cache add args [ 'commander@0.6.1', null ]
373 verbose cache add spec commander@0.6.1
374 silly cache add parsed spec Result {
374 silly cache add   raw: 'commander@0.6.1',
374 silly cache add   scope: null,
374 silly cache add   name: 'commander',
374 silly cache add   rawSpec: '0.6.1',
374 silly cache add   spec: '0.6.1',
374 silly cache add   type: 'version' }
375 silly addNamed commander@0.6.1
376 verbose addNamed "0.6.1" is a plain semver version for commander
377 silly mapToRegistry name commander
378 silly mapToRegistry using default registry
379 silly mapToRegistry registry https://registry.npmjs.org/
380 silly mapToRegistry uri https://registry.npmjs.org/commander
381 verbose addNameVersion registry:https://registry.npmjs.org/commander not in flight; fetching
382 silly resolveWithNewModule glob@3.2.3 checking installable status
383 silly cache add args [ 'glob@3.2.3', null ]
384 verbose cache add spec glob@3.2.3
385 silly cache add parsed spec Result {
385 silly cache add   raw: 'glob@3.2.3',
385 silly cache add   scope: null,
385 silly cache add   name: 'glob',
385 silly cache add   rawSpec: '3.2.3',
385 silly cache add   spec: '3.2.3',
385 silly cache add   type: 'version' }
386 silly addNamed glob@3.2.3
387 verbose addNamed "3.2.3" is a plain semver version for glob
388 silly mapToRegistry name glob
389 silly mapToRegistry using default registry
390 silly mapToRegistry registry https://registry.npmjs.org/
391 silly mapToRegistry uri https://registry.npmjs.org/glob
392 verbose addNameVersion registry:https://registry.npmjs.org/glob not in flight; fetching
393 silly resolveWithNewModule diff@1.0.7 checking installable status
394 silly cache add args [ 'diff@1.0.7', null ]
395 verbose cache add spec diff@1.0.7
396 silly cache add parsed spec Result {
396 silly cache add   raw: 'diff@1.0.7',
396 silly cache add   scope: null,
396 silly cache add   name: 'diff',
396 silly cache add   rawSpec: '1.0.7',
396 silly cache add   spec: '1.0.7',
396 silly cache add   type: 'version' }
397 silly addNamed diff@1.0.7
398 verbose addNamed "1.0.7" is a plain semver version for diff
399 silly mapToRegistry name diff
400 silly mapToRegistry using default registry
401 silly mapToRegistry registry https://registry.npmjs.org/
402 silly mapToRegistry uri https://registry.npmjs.org/diff
403 verbose addNameVersion registry:https://registry.npmjs.org/diff not in flight; fetching
404 silly resolveWithNewModule growl@1.7.0 checking installable status
405 silly cache add args [ 'growl@1.7.x', null ]
406 verbose cache add spec growl@1.7.x
407 silly cache add parsed spec Result {
407 silly cache add   raw: 'growl@1.7.x',
407 silly cache add   scope: null,
407 silly cache add   name: 'growl',
407 silly cache add   rawSpec: '1.7.x',
407 silly cache add   spec: '>=1.7.0 <1.8.0',
407 silly cache add   type: 'range' }
408 silly addNamed growl@>=1.7.0 <1.8.0
409 verbose addNamed ">=1.7.0 <1.8.0" is a valid semver range for growl
410 silly addNameRange { name: 'growl', range: '>=1.7.0 <1.8.0', hasData: false }
411 silly mapToRegistry name growl
412 silly mapToRegistry using default registry
413 silly mapToRegistry registry https://registry.npmjs.org/
414 silly mapToRegistry uri https://registry.npmjs.org/growl
415 verbose addNameRange registry:https://registry.npmjs.org/growl not in flight; fetching
416 verbose get https://registry.npmjs.org/growl not expired, no request
417 silly addNameRange number 2 { name: 'growl', range: '>=1.7.0 <1.8.0', hasData: true }
418 silly addNameRange versions [ 'growl',
418 silly addNameRange   [ '1.0.1',
418 silly addNameRange     '1.0.2',
418 silly addNameRange     '1.1.0',
418 silly addNameRange     '1.2.0',
418 silly addNameRange     '1.2.1',
418 silly addNameRange     '1.3.0',
418 silly addNameRange     '1.4.0',
418 silly addNameRange     '1.4.1',
418 silly addNameRange     '1.5.0',
418 silly addNameRange     '1.5.1',
418 silly addNameRange     '1.6.0',
418 silly addNameRange     '1.6.1',
418 silly addNameRange     '1.7.0',
418 silly addNameRange     '1.8.0',
418 silly addNameRange     '1.8.1' ] ]
419 silly addNamed growl@1.7.0
420 verbose addNamed "1.7.0" is a plain semver version for growl
421 silly cache afterAdd growl@1.7.0
422 verbose afterAdd /Users/drewcoll/.npm/growl/1.7.0/package/package.json not in flight; writing
423 verbose afterAdd /Users/drewcoll/.npm/growl/1.7.0/package/package.json written
424 verbose get https://registry.npmjs.org/diff not expired, no request
425 silly cache afterAdd diff@1.0.7
426 verbose afterAdd /Users/drewcoll/.npm/diff/1.0.7/package/package.json not in flight; writing
427 verbose afterAdd /Users/drewcoll/.npm/diff/1.0.7/package/package.json written
428 verbose get https://registry.npmjs.org/commander not expired, no request
429 silly cache afterAdd commander@0.6.1
430 verbose afterAdd /Users/drewcoll/.npm/commander/0.6.1/package/package.json not in flight; writing
431 verbose afterAdd /Users/drewcoll/.npm/commander/0.6.1/package/package.json written
432 verbose get https://registry.npmjs.org/glob not expired, no request
433 silly cache afterAdd glob@3.2.3
434 verbose afterAdd /Users/drewcoll/.npm/glob/3.2.3/package/package.json not in flight; writing
435 verbose afterAdd /Users/drewcoll/.npm/glob/3.2.3/package/package.json written
436 http 304 https://registry.npmjs.org/jade
437 verbose headers { date: 'Mon, 28 Dec 2015 19:59:30 GMT',
437 verbose headers   via: '1.1 varnish',
437 verbose headers   'cache-control': 'max-age=300',
437 verbose headers   etag: '"9TPVXZTUGV2VQHDWF18W6B7E9"',
437 verbose headers   age: '0',
437 verbose headers   connection: 'keep-alive',
437 verbose headers   'x-served-by': 'cache-lax1432-LAX',
437 verbose headers   'x-cache': 'HIT',
437 verbose headers   'x-cache-hits': '1',
437 verbose headers   'x-timer': 'S1451332770.644911,VS0,VE87',
437 verbose headers   vary: 'Accept' }
438 silly get cb [ 304,
438 silly get   { date: 'Mon, 28 Dec 2015 19:59:30 GMT',
438 silly get     via: '1.1 varnish',
438 silly get     'cache-control': 'max-age=300',
438 silly get     etag: '"9TPVXZTUGV2VQHDWF18W6B7E9"',
438 silly get     age: '0',
438 silly get     connection: 'keep-alive',
438 silly get     'x-served-by': 'cache-lax1432-LAX',
438 silly get     'x-cache': 'HIT',
438 silly get     'x-cache-hits': '1',
438 silly get     'x-timer': 'S1451332770.644911,VS0,VE87',
438 silly get     vary: 'Accept' } ]
439 verbose etag https://registry.npmjs.org/jade from cache
440 verbose get saving jade to /Users/drewcoll/.npm/registry.npmjs.org/jade/.cache.json
441 silly resolveWithNewModule jade@0.26.3 checking installable status
442 silly cache add args [ 'jade@0.26.3', null ]
443 verbose cache add spec jade@0.26.3
444 silly cache add parsed spec Result {
444 silly cache add   raw: 'jade@0.26.3',
444 silly cache add   scope: null,
444 silly cache add   name: 'jade',
444 silly cache add   rawSpec: '0.26.3',
444 silly cache add   spec: '0.26.3',
444 silly cache add   type: 'version' }
445 silly addNamed jade@0.26.3
446 verbose addNamed "0.26.3" is a plain semver version for jade
447 silly mapToRegistry name jade
448 silly mapToRegistry using default registry
449 silly mapToRegistry registry https://registry.npmjs.org/
450 silly mapToRegistry uri https://registry.npmjs.org/jade
451 verbose addNameVersion registry:https://registry.npmjs.org/jade not in flight; fetching
452 verbose get https://registry.npmjs.org/jade not expired, no request
453 silly cache afterAdd jade@0.26.3
454 verbose afterAdd /Users/drewcoll/.npm/jade/0.26.3/package/package.json not in flight; writing
455 verbose afterAdd /Users/drewcoll/.npm/jade/0.26.3/package/package.json written
456 silly fetchNamedPackageData graceful-fs
457 silly mapToRegistry name graceful-fs
458 silly mapToRegistry using default registry
459 silly mapToRegistry registry https://registry.npmjs.org/
460 silly mapToRegistry uri https://registry.npmjs.org/graceful-fs
461 verbose request uri https://registry.npmjs.org/graceful-fs
462 verbose request no auth needed
463 info attempt registry request try #1 at 11:59:30 AM
464 verbose etag "8W5ZQ2IHWS4PKE9FMXW32NX69"
465 http request GET https://registry.npmjs.org/graceful-fs
466 http 304 https://registry.npmjs.org/graceful-fs
467 verbose headers { date: 'Mon, 28 Dec 2015 19:59:30 GMT',
467 verbose headers   via: '1.1 varnish',
467 verbose headers   'cache-control': 'max-age=300',
467 verbose headers   etag: '"8W5ZQ2IHWS4PKE9FMXW32NX69"',
467 verbose headers   age: '59',
467 verbose headers   connection: 'keep-alive',
467 verbose headers   'x-served-by': 'cache-lax1424-LAX',
467 verbose headers   'x-cache': 'HIT',
467 verbose headers   'x-cache-hits': '5',
467 verbose headers   'x-timer': 'S1451332770.903652,VS0,VE0',
467 verbose headers   vary: 'Accept' }
468 silly get cb [ 304,
468 silly get   { date: 'Mon, 28 Dec 2015 19:59:30 GMT',
468 silly get     via: '1.1 varnish',
468 silly get     'cache-control': 'max-age=300',
468 silly get     etag: '"8W5ZQ2IHWS4PKE9FMXW32NX69"',
468 silly get     age: '59',
468 silly get     connection: 'keep-alive',
468 silly get     'x-served-by': 'cache-lax1424-LAX',
468 silly get     'x-cache': 'HIT',
468 silly get     'x-cache-hits': '5',
468 silly get     'x-timer': 'S1451332770.903652,VS0,VE0',
468 silly get     vary: 'Accept' } ]
469 verbose etag https://registry.npmjs.org/graceful-fs from cache
470 verbose get saving graceful-fs to /Users/drewcoll/.npm/registry.npmjs.org/graceful-fs/.cache.json
471 silly resolveWithNewModule graceful-fs@2.0.3 checking installable status
472 silly cache add args [ 'graceful-fs@~2.0.0', null ]
473 verbose cache add spec graceful-fs@~2.0.0
474 silly cache add parsed spec Result {
474 silly cache add   raw: 'graceful-fs@~2.0.0',
474 silly cache add   scope: null,
474 silly cache add   name: 'graceful-fs',
474 silly cache add   rawSpec: '~2.0.0',
474 silly cache add   spec: '>=2.0.0 <2.1.0',
474 silly cache add   type: 'range' }
475 silly addNamed graceful-fs@>=2.0.0 <2.1.0
476 verbose addNamed ">=2.0.0 <2.1.0" is a valid semver range for graceful-fs
477 silly addNameRange { name: 'graceful-fs', range: '>=2.0.0 <2.1.0', hasData: false }
478 silly mapToRegistry name graceful-fs
479 silly mapToRegistry using default registry
480 silly mapToRegistry registry https://registry.npmjs.org/
481 silly mapToRegistry uri https://registry.npmjs.org/graceful-fs
482 verbose addNameRange registry:https://registry.npmjs.org/graceful-fs not in flight; fetching
483 verbose get https://registry.npmjs.org/graceful-fs not expired, no request
484 silly addNameRange number 2 { name: 'graceful-fs', range: '>=2.0.0 <2.1.0', hasData: true }
485 silly addNameRange versions [ 'graceful-fs',
485 silly addNameRange   [ '1.0.0',
485 silly addNameRange     '1.0.1',
485 silly addNameRange     '1.0.2',
485 silly addNameRange     '1.1.0',
485 silly addNameRange     '1.1.1',
485 silly addNameRange     '1.1.2',
485 silly addNameRange     '1.1.3',
485 silly addNameRange     '1.1.4',
485 silly addNameRange     '1.1.5',
485 silly addNameRange     '1.1.6',
485 silly addNameRange     '1.1.7',
485 silly addNameRange     '1.1.8',
485 silly addNameRange     '1.1.9',
485 silly addNameRange     '1.1.10',
485 silly addNameRange     '1.1.11',
485 silly addNameRange     '1.1.12',
485 silly addNameRange     '1.1.13',
485 silly addNameRange     '1.1.14',
485 silly addNameRange     '1.2.0',
485 silly addNameRange     '1.2.1',
485 silly addNameRange     '1.2.2',
485 silly addNameRange     '1.2.3',
485 silly addNameRange     '2.0.0',
485 silly addNameRange     '2.0.1',
485 silly addNameRange     '2.0.2',
485 silly addNameRange     '2.0.3',
485 silly addNameRange     '3.0.0',
485 silly addNameRange     '3.0.1',
485 silly addNameRange     '3.0.2',
485 silly addNameRange     '3.0.3',
485 silly addNameRange     '3.0.4',
485 silly addNameRange     '3.0.5',
485 silly addNameRange     '3.0.6',
485 silly addNameRange     '3.0.7',
485 silly addNameRange     '3.0.8',
485 silly addNameRange     '4.1.0',
485 silly addNameRange     '4.1.1',
485 silly addNameRange     '4.1.2' ] ]
486 silly addNamed graceful-fs@2.0.3
487 verbose addNamed "2.0.3" is a plain semver version for graceful-fs
488 silly cache afterAdd graceful-fs@2.0.3
489 verbose afterAdd /Users/drewcoll/.npm/graceful-fs/2.0.3/package/package.json not in flight; writing
490 verbose afterAdd /Users/drewcoll/.npm/graceful-fs/2.0.3/package/package.json written
491 silly fetchNamedPackageData commander
492 silly mapToRegistry name commander
493 silly mapToRegistry using default registry
494 silly mapToRegistry registry https://registry.npmjs.org/
495 silly mapToRegistry uri https://registry.npmjs.org/commander
496 silly fetchNamedPackageData mkdirp
497 silly mapToRegistry name mkdirp
498 silly mapToRegistry using default registry
499 silly mapToRegistry registry https://registry.npmjs.org/
500 silly mapToRegistry uri https://registry.npmjs.org/mkdirp
501 silly resolveWithNewModule mkdirp@0.3.0 checking installable status
502 silly cache add args [ 'mkdirp@0.3.0', null ]
503 verbose cache add spec mkdirp@0.3.0
504 silly cache add parsed spec Result {
504 silly cache add   raw: 'mkdirp@0.3.0',
504 silly cache add   scope: null,
504 silly cache add   name: 'mkdirp',
504 silly cache add   rawSpec: '0.3.0',
504 silly cache add   spec: '0.3.0',
504 silly cache add   type: 'version' }
505 silly addNamed mkdirp@0.3.0
506 verbose addNamed "0.3.0" is a plain semver version for mkdirp
507 silly mapToRegistry name mkdirp
508 silly mapToRegistry using default registry
509 silly mapToRegistry registry https://registry.npmjs.org/
510 silly mapToRegistry uri https://registry.npmjs.org/mkdirp
511 verbose addNameVersion registry:https://registry.npmjs.org/mkdirp not in flight; fetching
512 verbose get https://registry.npmjs.org/mkdirp not expired, no request
513 silly cache afterAdd mkdirp@0.3.0
514 verbose afterAdd /Users/drewcoll/.npm/mkdirp/0.3.0/package/package.json not in flight; writing
515 verbose afterAdd /Users/drewcoll/.npm/mkdirp/0.3.0/package/package.json written
516 silly fetchNamedPackageData minimist
517 silly mapToRegistry name minimist
518 silly mapToRegistry using default registry
519 silly mapToRegistry registry https://registry.npmjs.org/
520 silly mapToRegistry uri https://registry.npmjs.org/minimist
521 verbose request uri https://registry.npmjs.org/minimist
522 verbose request no auth needed
523 info attempt registry request try #1 at 11:59:31 AM
524 verbose etag "EQHHJ88OJ3U8YH3II1EENI1FZ"
525 http request GET https://registry.npmjs.org/minimist
526 http 304 https://registry.npmjs.org/minimist
527 verbose headers { date: 'Mon, 28 Dec 2015 19:59:31 GMT',
527 verbose headers   via: '1.1 varnish',
527 verbose headers   'cache-control': 'max-age=300',
527 verbose headers   etag: '"EQHHJ88OJ3U8YH3II1EENI1FZ"',
527 verbose headers   age: '183',
527 verbose headers   connection: 'keep-alive',
527 verbose headers   'x-served-by': 'cache-lax1426-LAX',
527 verbose headers   'x-cache': 'HIT',
527 verbose headers   'x-cache-hits': '17',
527 verbose headers   'x-timer': 'S1451332771.068075,VS0,VE0',
527 verbose headers   vary: 'Accept' }
528 silly get cb [ 304,
528 silly get   { date: 'Mon, 28 Dec 2015 19:59:31 GMT',
528 silly get     via: '1.1 varnish',
528 silly get     'cache-control': 'max-age=300',
528 silly get     etag: '"EQHHJ88OJ3U8YH3II1EENI1FZ"',
528 silly get     age: '183',
528 silly get     connection: 'keep-alive',
528 silly get     'x-served-by': 'cache-lax1426-LAX',
528 silly get     'x-cache': 'HIT',
528 silly get     'x-cache-hits': '17',
528 silly get     'x-timer': 'S1451332771.068075,VS0,VE0',
528 silly get     vary: 'Accept' } ]
529 verbose etag https://registry.npmjs.org/minimist from cache
530 verbose get saving minimist to /Users/drewcoll/.npm/registry.npmjs.org/minimist/.cache.json
531 silly resolveWithNewModule minimist@0.0.10 checking installable status
532 silly cache add args [ 'minimist@~0.0.1', null ]
533 verbose cache add spec minimist@~0.0.1
534 silly cache add parsed spec Result {
534 silly cache add   raw: 'minimist@~0.0.1',
534 silly cache add   scope: null,
534 silly cache add   name: 'minimist',
534 silly cache add   rawSpec: '~0.0.1',
534 silly cache add   spec: '>=0.0.1 <0.1.0',
534 silly cache add   type: 'range' }
535 silly addNamed minimist@>=0.0.1 <0.1.0
536 verbose addNamed ">=0.0.1 <0.1.0" is a valid semver range for minimist
537 silly addNameRange { name: 'minimist', range: '>=0.0.1 <0.1.0', hasData: false }
538 silly mapToRegistry name minimist
539 silly mapToRegistry using default registry
540 silly mapToRegistry registry https://registry.npmjs.org/
541 silly mapToRegistry uri https://registry.npmjs.org/minimist
542 verbose addNameRange registry:https://registry.npmjs.org/minimist not in flight; fetching
543 verbose get https://registry.npmjs.org/minimist not expired, no request
544 silly addNameRange number 2 { name: 'minimist', range: '>=0.0.1 <0.1.0', hasData: true }
545 silly addNameRange versions [ 'minimist',
545 silly addNameRange   [ '0.0.0',
545 silly addNameRange     '0.0.1',
545 silly addNameRange     '0.0.2',
545 silly addNameRange     '0.0.3',
545 silly addNameRange     '0.0.4',
545 silly addNameRange     '0.0.5',
545 silly addNameRange     '0.0.6',
545 silly addNameRange     '0.0.7',
545 silly addNameRange     '0.0.8',
545 silly addNameRange     '0.0.9',
545 silly addNameRange     '0.0.10',
545 silly addNameRange     '0.1.0',
545 silly addNameRange     '0.2.0',
545 silly addNameRange     '1.0.0',
545 silly addNameRange     '1.1.0',
545 silly addNameRange     '1.1.1',
545 silly addNameRange     '1.1.2',
545 silly addNameRange     '1.1.3',
545 silly addNameRange     '1.2.0' ] ]
546 silly addNamed minimist@0.0.10
547 verbose addNamed "0.0.10" is a plain semver version for minimist
548 silly cache afterAdd minimist@0.0.10
549 verbose afterAdd /Users/drewcoll/.npm/minimist/0.0.10/package/package.json not in flight; writing
550 verbose afterAdd /Users/drewcoll/.npm/minimist/0.0.10/package/package.json written
551 silly loadAllDepsIntoIdealTree Finishing
552 silly idealTree:prePrune foundation-libsass-template@0.0.1
552 silly idealTree:prePrune ├── abbrev@1.0.7
552 silly idealTree:prePrune ├── amdefine@1.0.0
552 silly idealTree:prePrune ├── ansi-regex@2.0.0
552 silly idealTree:prePrune ├── ansi-styles@2.1.0
552 silly idealTree:prePrune ├── ansi@0.3.0
552 silly idealTree:prePrune ├── are-we-there-yet@1.0.5
552 silly idealTree:prePrune ├─┬ argparse@0.1.16
552 silly idealTree:prePrune │ └── underscore.string@2.4.0
552 silly idealTree:prePrune ├── array-index@0.1.1
552 silly idealTree:prePrune ├── asn1@0.2.3
552 silly idealTree:prePrune ├── assert-plus@0.1.5
552 silly idealTree:prePrune ├── async-foreach@0.1.3
552 silly idealTree:prePrune ├── async@0.1.22
552 silly idealTree:prePrune ├── aws-sign2@0.6.0
552 silly idealTree:prePrune ├── balanced-match@0.3.0
552 silly idealTree:prePrune ├── bl@1.0.0
552 silly idealTree:prePrune ├── block-stream@0.0.8
552 silly idealTree:prePrune ├── boom@2.10.1
552 silly idealTree:prePrune ├── brace-expansion@1.1.2
552 silly idealTree:prePrune ├── builtin-modules@1.1.0
552 silly idealTree:prePrune ├─┬ camelcase-keys@2.0.0
552 silly idealTree:prePrune │ └── camelcase@2.0.1
552 silly idealTree:prePrune ├── camelcase@1.2.1
552 silly idealTree:prePrune ├── caseless@0.11.0
552 silly idealTree:prePrune ├── chalk@1.1.1
552 silly idealTree:prePrune ├── cliui@3.1.0
552 silly idealTree:prePrune ├── code-point-at@1.0.0
552 silly idealTree:prePrune ├── coffee-script@1.3.3
552 silly idealTree:prePrune ├── colors@0.6.2
552 silly idealTree:prePrune ├── combined-stream@1.0.5
552 silly idealTree:prePrune ├── commander@2.9.0
552 silly idealTree:prePrune ├── concat-map@0.0.1
552 silly idealTree:prePrune ├── concat-stream@1.5.1
552 silly idealTree:prePrune ├── config-chain@1.1.9
552 silly idealTree:prePrune ├── core-util-is@1.0.2
552 silly idealTree:prePrune ├─┬ cross-spawn-async@2.1.1
552 silly idealTree:prePrune │ └── which@1.2.1
552 silly idealTree:prePrune ├── cross-spawn@2.1.0
552 silly idealTree:prePrune ├── cryptiles@2.0.5
552 silly idealTree:prePrune ├── dashdash@1.10.1
552 silly idealTree:prePrune ├── dateformat@1.0.2-1.2.3
552 silly idealTree:prePrune ├── debug@0.7.4
552 silly idealTree:prePrune ├── decamelize@1.1.2
552 silly idealTree:prePrune ├── delayed-stream@1.0.0
552 silly idealTree:prePrune ├── delegates@0.1.0
552 silly idealTree:prePrune ├── diff@1.0.7
552 silly idealTree:prePrune ├── ecc-jsbn@0.1.1
552 silly idealTree:prePrune ├── error-ex@1.3.0
552 silly idealTree:prePrune ├── escape-string-regexp@1.0.4
552 silly idealTree:prePrune ├── esprima@1.0.4
552 silly idealTree:prePrune ├── eventemitter2@0.4.14
552 silly idealTree:prePrune ├── exit@0.1.2
552 silly idealTree:prePrune ├── extend@3.0.0
552 silly idealTree:prePrune ├── extsprintf@1.0.2
552 silly idealTree:prePrune ├── faye-websocket@0.4.4
552 silly idealTree:prePrune ├── find-up@1.1.0
552 silly idealTree:prePrune ├─┬ findup-sync@0.1.3
552 silly idealTree:prePrune │ ├── glob@3.2.11
552 silly idealTree:prePrune │ ├── lodash@2.4.2
552 silly idealTree:prePrune │ └─┬ minimatch@0.3.0
552 silly idealTree:prePrune │   └── lru-cache@2.7.3
552 silly idealTree:prePrune ├── forever-agent@0.6.1
552 silly idealTree:prePrune ├─┬ form-data@1.0.0-rc3
552 silly idealTree:prePrune │ └── async@1.5.0
552 silly idealTree:prePrune ├─┬ fstream@1.0.8
552 silly idealTree:prePrune │ └── graceful-fs@4.1.2
552 silly idealTree:prePrune ├── gauge@1.2.2
552 silly idealTree:prePrune ├── gaze@0.4.3
552 silly idealTree:prePrune ├── generate-function@2.0.0
552 silly idealTree:prePrune ├── generate-object-property@1.2.0
552 silly idealTree:prePrune ├── get-stdin@4.0.1
552 silly idealTree:prePrune ├── getobject@0.1.0
552 silly idealTree:prePrune ├─┬ glob@3.1.21
552 silly idealTree:prePrune │ └── inherits@1.0.2
552 silly idealTree:prePrune ├─┬ globule@0.1.0
552 silly idealTree:prePrune │ └── lodash@1.0.2
552 silly idealTree:prePrune ├── graceful-fs@1.2.3
552 silly idealTree:prePrune ├── graceful-readlink@1.0.1
552 silly idealTree:prePrune ├── growl@1.7.0
552 silly idealTree:prePrune ├── grunt-contrib-concat@0.3.0
552 silly idealTree:prePrune ├── grunt-contrib-copy@0.4.1
552 silly idealTree:prePrune ├── grunt-contrib-uglify@0.2.7
552 silly idealTree:prePrune ├── grunt-contrib-watch@0.5.3
552 silly idealTree:prePrune ├─┬ grunt-legacy-log-utils@0.1.1
552 silly idealTree:prePrune │ ├── lodash@2.4.2
552 silly idealTree:prePrune │ └── underscore.string@2.3.3
552 silly idealTree:prePrune ├─┬ grunt-legacy-log@0.1.3
552 silly idealTree:prePrune │ ├── lodash@2.4.2
552 silly idealTree:prePrune │ └── underscore.string@2.3.3
552 silly idealTree:prePrune ├── grunt-legacy-util@0.2.0
552 silly idealTree:prePrune ├── grunt-lib-contrib@0.6.1
552 silly idealTree:prePrune ├─┬ grunt-sass@0.8.1
552 silly idealTree:prePrune │ ├── async@0.2.10
552 silly idealTree:prePrune │ ├── colors@0.6.0-1
552 silly idealTree:prePrune │ ├── mkdirp@0.3.5
552 silly idealTree:prePrune │ └── node-sass@0.7.0
552 silly idealTree:prePrune ├── grunt@0.4.5
552 silly idealTree:prePrune ├── har-validator@2.0.3
552 silly idealTree:prePrune ├── has-ansi@2.0.0
552 silly idealTree:prePrune ├── has-unicode@1.0.1
552 silly idealTree:prePrune ├── hawk@3.1.2
552 silly idealTree:prePrune ├── hoek@2.16.3
552 silly idealTree:prePrune ├── hooker@0.2.3
552 silly idealTree:prePrune ├── hosted-git-info@2.1.4
552 silly idealTree:prePrune ├── http-signature@1.1.0
552 silly idealTree:prePrune ├── iconv-lite@0.2.11
552 silly idealTree:prePrune ├── indent-string@2.1.0
552 silly idealTree:prePrune ├── inflight@1.0.4
552 silly idealTree:prePrune ├── inherits@2.0.1
552 silly idealTree:prePrune ├── ini@1.3.4
552 silly idealTree:prePrune ├── invert-kv@1.0.0
552 silly idealTree:prePrune ├── is-absolute@0.1.7
552 silly idealTree:prePrune ├── is-arrayish@0.2.1
552 silly idealTree:prePrune ├── is-builtin-module@1.0.0
552 silly idealTree:prePrune ├── is-finite@1.0.1
552 silly idealTree:prePrune ├── is-fullwidth-code-point@1.0.0
552 silly idealTree:prePrune ├── is-my-json-valid@2.12.3
552 silly idealTree:prePrune ├── is-property@1.0.2
552 silly idealTree:prePrune ├── is-relative@0.1.3
552 silly idealTree:prePrune ├── is-typedarray@1.0.0
552 silly idealTree:prePrune ├── is-utf8@0.2.1
552 silly idealTree:prePrune ├── isarray@0.0.1
552 silly idealTree:prePrune ├── isstream@0.1.2
552 silly idealTree:prePrune ├─┬ jade@0.26.3
552 silly idealTree:prePrune │ ├── commander@0.6.1
552 silly idealTree:prePrune │ └── mkdirp@0.3.0
552 silly idealTree:prePrune ├── jodid25519@1.0.2
552 silly idealTree:prePrune ├── js-yaml@2.0.5
552 silly idealTree:prePrune ├── jsbn@0.1.0
552 silly idealTree:prePrune ├── json-schema@0.2.2
552 silly idealTree:prePrune ├── json-stringify-safe@5.0.1
552 silly idealTree:prePrune ├── jsonpointer@2.0.0
552 silly idealTree:prePrune ├── jsprim@1.2.2
552 silly idealTree:prePrune ├── lcid@1.0.0
552 silly idealTree:prePrune ├─┬ load-json-file@1.1.0
552 silly idealTree:prePrune │ └── graceful-fs@4.1.2
552 silly idealTree:prePrune ├── lodash._basetostring@3.0.1
552 silly idealTree:prePrune ├── lodash._createpadding@3.6.1
552 silly idealTree:prePrune ├── lodash.pad@3.1.1
552 silly idealTree:prePrune ├── lodash.padleft@3.1.1
552 silly idealTree:prePrune ├── lodash.padright@3.1.1
552 silly idealTree:prePrune ├── lodash.repeat@3.0.1
552 silly idealTree:prePrune ├── lodash@0.9.2
552 silly idealTree:prePrune ├── loud-rejection@1.2.0
552 silly idealTree:prePrune ├── lru-cache@3.2.0
552 silly idealTree:prePrune ├── map-obj@1.0.1
552 silly idealTree:prePrune ├── meow@3.6.0
552 silly idealTree:prePrune ├── mime-db@1.20.0
552 silly idealTree:prePrune ├── mime-types@2.1.8
552 silly idealTree:prePrune ├─┬ minimatch@0.2.14
552 silly idealTree:prePrune │ └── lru-cache@2.7.3
552 silly idealTree:prePrune ├── minimist@1.2.0
552 silly idealTree:prePrune ├─┬ mkdirp@0.5.1
552 silly idealTree:prePrune │ └── minimist@0.0.8
552 silly idealTree:prePrune ├─┬ mocha@1.13.0
552 silly idealTree:prePrune │ ├── commander@0.6.1
552 silly idealTree:prePrune │ ├── glob@3.2.3
552 silly idealTree:prePrune │ ├── graceful-fs@2.0.3
552 silly idealTree:prePrune │ └── mkdirp@0.3.5
552 silly idealTree:prePrune ├── nan@2.1.0
552 silly idealTree:prePrune ├─┬ node-gyp@3.2.1
552 silly idealTree:prePrune │ ├── graceful-fs@4.1.2
552 silly idealTree:prePrune │ ├── lru-cache@2.7.3
552 silly idealTree:prePrune │ ├── minimatch@1.0.0
552 silly idealTree:prePrune │ └── nopt@3.0.6
552 silly idealTree:prePrune ├─┬ node-sass@3.4.2
552 silly idealTree:prePrune │ ├── gaze@0.5.2
552 silly idealTree:prePrune │ ├── glob@5.0.15
552 silly idealTree:prePrune │ └── minimatch@3.0.0
552 silly idealTree:prePrune ├── node-uuid@1.4.7
552 silly idealTree:prePrune ├── node-watch@0.3.5
552 silly idealTree:prePrune ├── nopt@1.0.10
552 silly idealTree:prePrune ├─┬ noptify@0.0.3
552 silly idealTree:prePrune │ └── nopt@2.0.0
552 silly idealTree:prePrune ├── normalize-package-data@2.3.5
552 silly idealTree:prePrune ├─┬ npmconf@2.1.2
552 silly idealTree:prePrune │ ├── nopt@3.0.6
552 silly idealTree:prePrune │ └── semver@4.3.6
552 silly idealTree:prePrune ├── npmlog@1.2.1
552 silly idealTree:prePrune ├── number-is-nan@1.0.0
552 silly idealTree:prePrune ├── oauth-sign@0.8.0
552 silly idealTree:prePrune ├── object-assign@4.0.1
552 silly idealTree:prePrune ├── once@1.3.3
552 silly idealTree:prePrune ├─┬ optimist@0.6.1
552 silly idealTree:prePrune │ └── minimist@0.0.10
552 silly idealTree:prePrune ├── os-homedir@1.0.1
552 silly idealTree:prePrune ├── os-locale@1.4.0
552 silly idealTree:prePrune ├── os-shim@0.1.3
552 silly idealTree:prePrune ├── os-tmpdir@1.0.1
552 silly idealTree:prePrune ├── osenv@0.1.3
552 silly idealTree:prePrune ├── parse-json@2.2.0
552 silly idealTree:prePrune ├── path-array@1.0.0
552 silly idealTree:prePrune ├── path-exists@2.1.0
552 silly idealTree:prePrune ├── path-is-absolute@1.0.0
552 silly idealTree:prePrune ├─┬ path-type@1.1.0
552 silly idealTree:prePrune │ └── graceful-fs@4.1.2
552 silly idealTree:prePrune ├── pify@2.3.0
552 silly idealTree:prePrune ├── pinkie-promise@2.0.0
552 silly idealTree:prePrune ├── pinkie@2.0.1
552 silly idealTree:prePrune ├── process-nextick-args@1.0.6
552 silly idealTree:prePrune ├── proto-list@1.2.4
552 silly idealTree:prePrune ├── pseudomap@1.0.1
552 silly idealTree:prePrune ├── qs@0.5.6
552 silly idealTree:prePrune ├── read-pkg-up@1.0.1
552 silly idealTree:prePrune ├── read-pkg@1.1.0
552 silly idealTree:prePrune ├── readable-stream@2.0.5
552 silly idealTree:prePrune ├── redent@1.0.0
552 silly idealTree:prePrune ├── repeating@2.0.0
552 silly idealTree:prePrune ├─┬ request@2.67.0
552 silly idealTree:prePrune │ └── qs@5.2.0
552 silly idealTree:prePrune ├── rimraf@2.2.8
552 silly idealTree:prePrune ├─┬ sass-graph@2.0.1
552 silly idealTree:prePrune │ ├── camelcase@2.0.1
552 silly idealTree:prePrune │ ├── glob@5.0.15
552 silly idealTree:prePrune │ ├── lodash@3.10.1
552 silly idealTree:prePrune │ ├── minimatch@3.0.0
552 silly idealTree:prePrune │ ├── window-size@0.1.4
552 silly idealTree:prePrune │ └── yargs@3.31.0
552 silly idealTree:prePrune ├── sass@0.5.0
552 silly idealTree:prePrune ├── semver@5.1.0
552 silly idealTree:prePrune ├── sigmund@1.0.1
552 silly idealTree:prePrune ├── signal-exit@2.1.2
552 silly idealTree:prePrune ├── sntp@1.0.9
552 silly idealTree:prePrune ├── source-map@0.1.34
552 silly idealTree:prePrune ├── spawn-sync@1.0.13
552 silly idealTree:prePrune ├── spdx-correct@1.0.2
552 silly idealTree:prePrune ├── spdx-exceptions@1.0.4
552 silly idealTree:prePrune ├── spdx-expression-parse@1.0.2
552 silly idealTree:prePrune ├── spdx-license-ids@1.1.0
552 silly idealTree:prePrune ├─┬ sshpk@1.7.1
552 silly idealTree:prePrune │ └── assert-plus@0.2.0
552 silly idealTree:prePrune ├── string_decoder@0.10.31
552 silly idealTree:prePrune ├── string-width@1.0.1
552 silly idealTree:prePrune ├── stringstream@0.0.5
552 silly idealTree:prePrune ├── strip-ansi@3.0.0
552 silly idealTree:prePrune ├── strip-bom@2.0.0
552 silly idealTree:prePrune ├── strip-indent@1.0.1
552 silly idealTree:prePrune ├── supports-color@2.0.0
552 silly idealTree:prePrune ├── tar@2.2.1
552 silly idealTree:prePrune ├── tiny-lr@0.0.4
552 silly idealTree:prePrune ├── tough-cookie@2.2.1
552 silly idealTree:prePrune ├── trim-newlines@1.0.0
552 silly idealTree:prePrune ├── tunnel-agent@0.4.2
552 silly idealTree:prePrune ├── tweetnacl@0.13.2
552 silly idealTree:prePrune ├── typedarray@0.0.6
552 silly idealTree:prePrune ├─┬ uglify-js@2.4.24
552 silly idealTree:prePrune │ └── async@0.2.10
552 silly idealTree:prePrune ├── uglify-to-browserify@1.0.2
552 silly idealTree:prePrune ├── uid-number@0.0.5
552 silly idealTree:prePrune ├── underscore.string@2.2.1
552 silly idealTree:prePrune ├── underscore@1.7.0
552 silly idealTree:prePrune ├── util-deprecate@1.0.2
552 silly idealTree:prePrune ├── validate-npm-package-license@3.0.1
552 silly idealTree:prePrune ├── verror@1.3.6
552 silly idealTree:prePrune ├── which@1.0.9
552 silly idealTree:prePrune ├── window-size@0.1.0
552 silly idealTree:prePrune ├── wordwrap@0.0.2
552 silly idealTree:prePrune ├── wrap-ansi@1.0.0
552 silly idealTree:prePrune ├── wrappy@1.0.1
552 silly idealTree:prePrune ├── xtend@4.0.1
552 silly idealTree:prePrune ├── y18n@3.2.0
552 silly idealTree:prePrune ├── yargs@3.5.4
552 silly idealTree:prePrune └── zlib-browserify@0.0.1
553 silly loadIdealTree Finishing
554 silly currentTree foundation-libsass-template@0.0.1
554 silly currentTree ├── abbrev@1.0.7
554 silly currentTree ├── amdefine@1.0.0
554 silly currentTree ├── ansi-regex@2.0.0
554 silly currentTree ├── ansi-styles@2.1.0
554 silly currentTree ├── ansi@0.3.0
554 silly currentTree ├── are-we-there-yet@1.0.5
554 silly currentTree ├─┬ argparse@0.1.16
554 silly currentTree │ └── underscore.string@2.4.0
554 silly currentTree ├── array-index@0.1.1
554 silly currentTree ├── asn1@0.2.3
554 silly currentTree ├── assert-plus@0.1.5
554 silly currentTree ├── async-foreach@0.1.3
554 silly currentTree ├── async@0.1.22
554 silly currentTree ├── aws-sign2@0.6.0
554 silly currentTree ├── balanced-match@0.3.0
554 silly currentTree ├── bl@1.0.0
554 silly currentTree ├── block-stream@0.0.8
554 silly currentTree ├── boom@2.10.1
554 silly currentTree ├── brace-expansion@1.1.2
554 silly currentTree ├── builtin-modules@1.1.0
554 silly currentTree ├─┬ camelcase-keys@2.0.0
554 silly currentTree │ └── camelcase@2.0.1
554 silly currentTree ├── camelcase@1.2.1
554 silly currentTree ├── caseless@0.11.0
554 silly currentTree ├── chalk@1.1.1
554 silly currentTree ├── cliui@3.1.0
554 silly currentTree ├── code-point-at@1.0.0
554 silly currentTree ├── coffee-script@1.3.3
554 silly currentTree ├── colors@0.6.2
554 silly currentTree ├── combined-stream@1.0.5
554 silly currentTree ├── commander@2.9.0
554 silly currentTree ├── concat-map@0.0.1
554 silly currentTree ├── concat-stream@1.5.1
554 silly currentTree ├── config-chain@1.1.9
554 silly currentTree ├── core-util-is@1.0.2
554 silly currentTree ├─┬ cross-spawn-async@2.1.1
554 silly currentTree │ └── which@1.2.1
554 silly currentTree ├── cross-spawn@2.1.0
554 silly currentTree ├── cryptiles@2.0.5
554 silly currentTree ├── dashdash@1.10.1
554 silly currentTree ├── dateformat@1.0.2-1.2.3
554 silly currentTree ├── debug@0.7.4
554 silly currentTree ├── decamelize@1.1.2
554 silly currentTree ├── delayed-stream@1.0.0
554 silly currentTree ├── delegates@0.1.0
554 silly currentTree ├── ecc-jsbn@0.1.1
554 silly currentTree ├── error-ex@1.3.0
554 silly currentTree ├── escape-string-regexp@1.0.4
554 silly currentTree ├── esprima@1.0.4
554 silly currentTree ├── eventemitter2@0.4.14
554 silly currentTree ├── exit@0.1.2
554 silly currentTree ├── extend@3.0.0
554 silly currentTree ├── extsprintf@1.0.2
554 silly currentTree ├── faye-websocket@0.4.4
554 silly currentTree ├── find-up@1.1.0
554 silly currentTree ├─┬ findup-sync@0.1.3
554 silly currentTree │ ├── glob@3.2.11
554 silly currentTree │ ├── lodash@2.4.2
554 silly currentTree │ └─┬ minimatch@0.3.0
554 silly currentTree │   └── lru-cache@2.7.3
554 silly currentTree ├── forever-agent@0.6.1
554 silly currentTree ├─┬ form-data@1.0.0-rc3
554 silly currentTree │ └── async@1.5.0
554 silly currentTree ├─┬ fstream@1.0.8
554 silly currentTree │ └── graceful-fs@4.1.2
554 silly currentTree ├── gauge@1.2.2
554 silly currentTree ├── gaze@0.4.3
554 silly currentTree ├── generate-function@2.0.0
554 silly currentTree ├── generate-object-property@1.2.0
554 silly currentTree ├── get-stdin@4.0.1
554 silly currentTree ├── getobject@0.1.0
554 silly currentTree ├─┬ glob@3.1.21
554 silly currentTree │ └── inherits@1.0.2
554 silly currentTree ├─┬ globule@0.1.0
554 silly currentTree │ └── lodash@1.0.2
554 silly currentTree ├── graceful-fs@1.2.3
554 silly currentTree ├── graceful-readlink@1.0.1
554 silly currentTree ├── grunt-contrib-concat@0.3.0
554 silly currentTree ├── grunt-contrib-copy@0.4.1
554 silly currentTree ├── grunt-contrib-uglify@0.2.7
554 silly currentTree ├── grunt-contrib-watch@0.5.3
554 silly currentTree ├─┬ grunt-legacy-log-utils@0.1.1
554 silly currentTree │ ├── lodash@2.4.2
554 silly currentTree │ └── underscore.string@2.3.3
554 silly currentTree ├─┬ grunt-legacy-log@0.1.3
554 silly currentTree │ ├── lodash@2.4.2
554 silly currentTree │ └── underscore.string@2.3.3
554 silly currentTree ├── grunt-legacy-util@0.2.0
554 silly currentTree ├── grunt-lib-contrib@0.6.1
554 silly currentTree ├── grunt@0.4.5
554 silly currentTree ├── har-validator@2.0.3
554 silly currentTree ├── has-ansi@2.0.0
554 silly currentTree ├── has-unicode@1.0.1
554 silly currentTree ├── hawk@3.1.2
554 silly currentTree ├── hoek@2.16.3
554 silly currentTree ├── hooker@0.2.3
554 silly currentTree ├── hosted-git-info@2.1.4
554 silly currentTree ├── http-signature@1.1.0
554 silly currentTree ├── iconv-lite@0.2.11
554 silly currentTree ├── indent-string@2.1.0
554 silly currentTree ├── inflight@1.0.4
554 silly currentTree ├── inherits@2.0.1
554 silly currentTree ├── ini@1.3.4
554 silly currentTree ├── invert-kv@1.0.0
554 silly currentTree ├── is-absolute@0.1.7
554 silly currentTree ├── is-arrayish@0.2.1
554 silly currentTree ├── is-builtin-module@1.0.0
554 silly currentTree ├── is-finite@1.0.1
554 silly currentTree ├── is-fullwidth-code-point@1.0.0
554 silly currentTree ├── is-my-json-valid@2.12.3
554 silly currentTree ├── is-property@1.0.2
554 silly currentTree ├── is-relative@0.1.3
554 silly currentTree ├── is-typedarray@1.0.0
554 silly currentTree ├── is-utf8@0.2.1
554 silly currentTree ├── isarray@0.0.1
554 silly currentTree ├── isstream@0.1.2
554 silly currentTree ├── jodid25519@1.0.2
554 silly currentTree ├── js-yaml@2.0.5
554 silly currentTree ├── jsbn@0.1.0
554 silly currentTree ├── json-schema@0.2.2
554 silly currentTree ├── json-stringify-safe@5.0.1
554 silly currentTree ├── jsonpointer@2.0.0
554 silly currentTree ├── jsprim@1.2.2
554 silly currentTree ├── lcid@1.0.0
554 silly currentTree ├─┬ load-json-file@1.1.0
554 silly currentTree │ └── graceful-fs@4.1.2
554 silly currentTree ├── lodash._basetostring@3.0.1
554 silly currentTree ├── lodash._createpadding@3.6.1
554 silly currentTree ├── lodash.pad@3.1.1
554 silly currentTree ├── lodash.padleft@3.1.1
554 silly currentTree ├── lodash.padright@3.1.1
554 silly currentTree ├── lodash.repeat@3.0.1
554 silly currentTree ├── lodash@0.9.2
554 silly currentTree ├── loud-rejection@1.2.0
554 silly currentTree ├── lru-cache@3.2.0
554 silly currentTree ├── map-obj@1.0.1
554 silly currentTree ├── meow@3.6.0
554 silly currentTree ├── mime-db@1.20.0
554 silly currentTree ├── mime-types@2.1.8
554 silly currentTree ├─┬ minimatch@0.2.14
554 silly currentTree │ └── lru-cache@2.7.3
554 silly currentTree ├── minimist@1.2.0
554 silly currentTree ├─┬ mkdirp@0.5.1
554 silly currentTree │ └── minimist@0.0.8
554 silly currentTree ├── nan@2.1.0
554 silly currentTree ├─┬ node-gyp@3.2.1
554 silly currentTree │ ├── graceful-fs@4.1.2
554 silly currentTree │ ├── lru-cache@2.7.3
554 silly currentTree │ ├── minimatch@1.0.0
554 silly currentTree │ └── nopt@3.0.6
554 silly currentTree ├─┬ node-sass@3.4.2
554 silly currentTree │ ├── gaze@0.5.2
554 silly currentTree │ ├── glob@5.0.15
554 silly currentTree │ └── minimatch@3.0.0
554 silly currentTree ├── node-uuid@1.4.7
554 silly currentTree ├── nopt@1.0.10
554 silly currentTree ├─┬ noptify@0.0.3
554 silly currentTree │ └── nopt@2.0.0
554 silly currentTree ├── normalize-package-data@2.3.5
554 silly currentTree ├─┬ npmconf@2.1.2
554 silly currentTree │ ├── nopt@3.0.6
554 silly currentTree │ └── semver@4.3.6
554 silly currentTree ├── npmlog@1.2.1
554 silly currentTree ├── number-is-nan@1.0.0
554 silly currentTree ├── oauth-sign@0.8.0
554 silly currentTree ├── object-assign@4.0.1
554 silly currentTree ├── once@1.3.3
554 silly currentTree ├── os-homedir@1.0.1
554 silly currentTree ├── os-locale@1.4.0
554 silly currentTree ├── os-shim@0.1.3
554 silly currentTree ├── os-tmpdir@1.0.1
554 silly currentTree ├── osenv@0.1.3
554 silly currentTree ├── parse-json@2.2.0
554 silly currentTree ├── path-array@1.0.0
554 silly currentTree ├── path-exists@2.1.0
554 silly currentTree ├── path-is-absolute@1.0.0
554 silly currentTree ├─┬ path-type@1.1.0
554 silly currentTree │ └── graceful-fs@4.1.2
554 silly currentTree ├── pify@2.3.0
554 silly currentTree ├── pinkie-promise@2.0.0
554 silly currentTree ├── pinkie@2.0.1
554 silly currentTree ├── process-nextick-args@1.0.6
554 silly currentTree ├── proto-list@1.2.4
554 silly currentTree ├── pseudomap@1.0.1
554 silly currentTree ├── qs@0.5.6
554 silly currentTree ├── read-pkg-up@1.0.1
554 silly currentTree ├── read-pkg@1.1.0
554 silly currentTree ├── readable-stream@2.0.5
554 silly currentTree ├── redent@1.0.0
554 silly currentTree ├── repeating@2.0.0
554 silly currentTree ├─┬ request@2.67.0
554 silly currentTree │ └── qs@5.2.0
554 silly currentTree ├── rimraf@2.2.8
554 silly currentTree ├─┬ sass-graph@2.0.1
554 silly currentTree │ ├── camelcase@2.0.1
554 silly currentTree │ ├── glob@5.0.15
554 silly currentTree │ ├── lodash@3.10.1
554 silly currentTree │ ├── minimatch@3.0.0
554 silly currentTree │ ├── window-size@0.1.4
554 silly currentTree │ └── yargs@3.31.0
554 silly currentTree ├── sass@0.5.0
554 silly currentTree ├── semver@5.1.0
554 silly currentTree ├── sigmund@1.0.1
554 silly currentTree ├── signal-exit@2.1.2
554 silly currentTree ├── sntp@1.0.9
554 silly currentTree ├── source-map@0.1.34
554 silly currentTree ├── spawn-sync@1.0.13
554 silly currentTree ├── spdx-correct@1.0.2
554 silly currentTree ├── spdx-exceptions@1.0.4
554 silly currentTree ├── spdx-expression-parse@1.0.2
554 silly currentTree ├── spdx-license-ids@1.1.0
554 silly currentTree ├─┬ sshpk@1.7.1
554 silly currentTree │ └── assert-plus@0.2.0
554 silly currentTree ├── string_decoder@0.10.31
554 silly currentTree ├── string-width@1.0.1
554 silly currentTree ├── stringstream@0.0.5
554 silly currentTree ├── strip-ansi@3.0.0
554 silly currentTree ├── strip-bom@2.0.0
554 silly currentTree ├── strip-indent@1.0.1
554 silly currentTree ├── supports-color@2.0.0
554 silly currentTree ├── tar@2.2.1
554 silly currentTree ├── tiny-lr@0.0.4
554 silly currentTree ├── tough-cookie@2.2.1
554 silly currentTree ├── trim-newlines@1.0.0
554 silly currentTree ├── tunnel-agent@0.4.2
554 silly currentTree ├── tweetnacl@0.13.2
554 silly currentTree ├── typedarray@0.0.6
554 silly currentTree ├─┬ uglify-js@2.4.24
554 silly currentTree │ └── async@0.2.10
554 silly currentTree ├── uglify-to-browserify@1.0.2
554 silly currentTree ├── uid-number@0.0.5
554 silly currentTree ├── underscore.string@2.2.1
554 silly currentTree ├── underscore@1.7.0
554 silly currentTree ├── util-deprecate@1.0.2
554 silly currentTree ├── validate-npm-package-license@3.0.1
554 silly currentTree ├── verror@1.3.6
554 silly currentTree ├── which@1.0.9
554 silly currentTree ├── window-size@0.1.0
554 silly currentTree ├── wordwrap@0.0.2
554 silly currentTree ├── wrap-ansi@1.0.0
554 silly currentTree ├── wrappy@1.0.1
554 silly currentTree ├── xtend@4.0.1
554 silly currentTree ├── y18n@3.2.0
554 silly currentTree ├── yargs@3.5.4
554 silly currentTree └── zlib-browserify@0.0.1
555 silly idealTree foundation-libsass-template@0.0.1
555 silly idealTree ├── abbrev@1.0.7
555 silly idealTree ├── amdefine@1.0.0
555 silly idealTree ├── ansi-regex@2.0.0
555 silly idealTree ├── ansi-styles@2.1.0
555 silly idealTree ├── ansi@0.3.0
555 silly idealTree ├── are-we-there-yet@1.0.5
555 silly idealTree ├─┬ argparse@0.1.16
555 silly idealTree │ └── underscore.string@2.4.0
555 silly idealTree ├── array-index@0.1.1
555 silly idealTree ├── asn1@0.2.3
555 silly idealTree ├── assert-plus@0.1.5
555 silly idealTree ├── async-foreach@0.1.3
555 silly idealTree ├── async@0.1.22
555 silly idealTree ├── aws-sign2@0.6.0
555 silly idealTree ├── balanced-match@0.3.0
555 silly idealTree ├── bl@1.0.0
555 silly idealTree ├── block-stream@0.0.8
555 silly idealTree ├── boom@2.10.1
555 silly idealTree ├── brace-expansion@1.1.2
555 silly idealTree ├── builtin-modules@1.1.0
555 silly idealTree ├─┬ camelcase-keys@2.0.0
555 silly idealTree │ └── camelcase@2.0.1
555 silly idealTree ├── camelcase@1.2.1
555 silly idealTree ├── caseless@0.11.0
555 silly idealTree ├── chalk@1.1.1
555 silly idealTree ├── cliui@3.1.0
555 silly idealTree ├── code-point-at@1.0.0
555 silly idealTree ├── coffee-script@1.3.3
555 silly idealTree ├── colors@0.6.2
555 silly idealTree ├── combined-stream@1.0.5
555 silly idealTree ├── commander@2.9.0
555 silly idealTree ├── concat-map@0.0.1
555 silly idealTree ├── concat-stream@1.5.1
555 silly idealTree ├── config-chain@1.1.9
555 silly idealTree ├── core-util-is@1.0.2
555 silly idealTree ├─┬ cross-spawn-async@2.1.1
555 silly idealTree │ └── which@1.2.1
555 silly idealTree ├── cross-spawn@2.1.0
555 silly idealTree ├── cryptiles@2.0.5
555 silly idealTree ├── dashdash@1.10.1
555 silly idealTree ├── dateformat@1.0.2-1.2.3
555 silly idealTree ├── debug@0.7.4
555 silly idealTree ├── decamelize@1.1.2
555 silly idealTree ├── delayed-stream@1.0.0
555 silly idealTree ├── delegates@0.1.0
555 silly idealTree ├── diff@1.0.7
555 silly idealTree ├── ecc-jsbn@0.1.1
555 silly idealTree ├── error-ex@1.3.0
555 silly idealTree ├── escape-string-regexp@1.0.4
555 silly idealTree ├── esprima@1.0.4
555 silly idealTree ├── eventemitter2@0.4.14
555 silly idealTree ├── exit@0.1.2
555 silly idealTree ├── extend@3.0.0
555 silly idealTree ├── extsprintf@1.0.2
555 silly idealTree ├── faye-websocket@0.4.4
555 silly idealTree ├── find-up@1.1.0
555 silly idealTree ├─┬ findup-sync@0.1.3
555 silly idealTree │ ├── glob@3.2.11
555 silly idealTree │ ├── lodash@2.4.2
555 silly idealTree │ └─┬ minimatch@0.3.0
555 silly idealTree │   └── lru-cache@2.7.3
555 silly idealTree ├── forever-agent@0.6.1
555 silly idealTree ├─┬ form-data@1.0.0-rc3
555 silly idealTree │ └── async@1.5.0
555 silly idealTree ├─┬ fstream@1.0.8
555 silly idealTree │ └── graceful-fs@4.1.2
555 silly idealTree ├── gauge@1.2.2
555 silly idealTree ├── gaze@0.4.3
555 silly idealTree ├── generate-function@2.0.0
555 silly idealTree ├── generate-object-property@1.2.0
555 silly idealTree ├── get-stdin@4.0.1
555 silly idealTree ├── getobject@0.1.0
555 silly idealTree ├─┬ glob@3.1.21
555 silly idealTree │ └── inherits@1.0.2
555 silly idealTree ├─┬ globule@0.1.0
555 silly idealTree │ └── lodash@1.0.2
555 silly idealTree ├── graceful-fs@1.2.3
555 silly idealTree ├── graceful-readlink@1.0.1
555 silly idealTree ├── growl@1.7.0
555 silly idealTree ├── grunt-contrib-concat@0.3.0
555 silly idealTree ├── grunt-contrib-copy@0.4.1
555 silly idealTree ├── grunt-contrib-uglify@0.2.7
555 silly idealTree ├── grunt-contrib-watch@0.5.3
555 silly idealTree ├─┬ grunt-legacy-log-utils@0.1.1
555 silly idealTree │ ├── lodash@2.4.2
555 silly idealTree │ └── underscore.string@2.3.3
555 silly idealTree ├─┬ grunt-legacy-log@0.1.3
555 silly idealTree │ ├── lodash@2.4.2
555 silly idealTree │ └── underscore.string@2.3.3
555 silly idealTree ├── grunt-legacy-util@0.2.0
555 silly idealTree ├── grunt-lib-contrib@0.6.1
555 silly idealTree ├─┬ grunt-sass@0.8.1
555 silly idealTree │ ├── async@0.2.10
555 silly idealTree │ ├── colors@0.6.0-1
555 silly idealTree │ ├── mkdirp@0.3.5
555 silly idealTree │ └── node-sass@0.7.0
555 silly idealTree ├── grunt@0.4.5
555 silly idealTree ├── har-validator@2.0.3
555 silly idealTree ├── has-ansi@2.0.0
555 silly idealTree ├── has-unicode@1.0.1
555 silly idealTree ├── hawk@3.1.2
555 silly idealTree ├── hoek@2.16.3
555 silly idealTree ├── hooker@0.2.3
555 silly idealTree ├── hosted-git-info@2.1.4
555 silly idealTree ├── http-signature@1.1.0
555 silly idealTree ├── iconv-lite@0.2.11
555 silly idealTree ├── indent-string@2.1.0
555 silly idealTree ├── inflight@1.0.4
555 silly idealTree ├── inherits@2.0.1
555 silly idealTree ├── ini@1.3.4
555 silly idealTree ├── invert-kv@1.0.0
555 silly idealTree ├── is-absolute@0.1.7
555 silly idealTree ├── is-arrayish@0.2.1
555 silly idealTree ├── is-builtin-module@1.0.0
555 silly idealTree ├── is-finite@1.0.1
555 silly idealTree ├── is-fullwidth-code-point@1.0.0
555 silly idealTree ├── is-my-json-valid@2.12.3
555 silly idealTree ├── is-property@1.0.2
555 silly idealTree ├── is-relative@0.1.3
555 silly idealTree ├── is-typedarray@1.0.0
555 silly idealTree ├── is-utf8@0.2.1
555 silly idealTree ├── isarray@0.0.1
555 silly idealTree ├── isstream@0.1.2
555 silly idealTree ├─┬ jade@0.26.3
555 silly idealTree │ ├── commander@0.6.1
555 silly idealTree │ └── mkdirp@0.3.0
555 silly idealTree ├── jodid25519@1.0.2
555 silly idealTree ├── js-yaml@2.0.5
555 silly idealTree ├── jsbn@0.1.0
555 silly idealTree ├── json-schema@0.2.2
555 silly idealTree ├── json-stringify-safe@5.0.1
555 silly idealTree ├── jsonpointer@2.0.0
555 silly idealTree ├── jsprim@1.2.2
555 silly idealTree ├── lcid@1.0.0
555 silly idealTree ├─┬ load-json-file@1.1.0
555 silly idealTree │ └── graceful-fs@4.1.2
555 silly idealTree ├── lodash._basetostring@3.0.1
555 silly idealTree ├── lodash._createpadding@3.6.1
555 silly idealTree ├── lodash.pad@3.1.1
555 silly idealTree ├── lodash.padleft@3.1.1
555 silly idealTree ├── lodash.padright@3.1.1
555 silly idealTree ├── lodash.repeat@3.0.1
555 silly idealTree ├── lodash@0.9.2
555 silly idealTree ├── loud-rejection@1.2.0
555 silly idealTree ├── lru-cache@3.2.0
555 silly idealTree ├── map-obj@1.0.1
555 silly idealTree ├── meow@3.6.0
555 silly idealTree ├── mime-db@1.20.0
555 silly idealTree ├── mime-types@2.1.8
555 silly idealTree ├─┬ minimatch@0.2.14
555 silly idealTree │ └── lru-cache@2.7.3
555 silly idealTree ├── minimist@1.2.0
555 silly idealTree ├─┬ mkdirp@0.5.1
555 silly idealTree │ └── minimist@0.0.8
555 silly idealTree ├─┬ mocha@1.13.0
555 silly idealTree │ ├── commander@0.6.1
555 silly idealTree │ ├── glob@3.2.3
555 silly idealTree │ ├── graceful-fs@2.0.3
555 silly idealTree │ └── mkdirp@0.3.5
555 silly idealTree ├── nan@2.1.0
555 silly idealTree ├─┬ node-gyp@3.2.1
555 silly idealTree │ ├── graceful-fs@4.1.2
555 silly idealTree │ ├── lru-cache@2.7.3
555 silly idealTree │ ├── minimatch@1.0.0
555 silly idealTree │ └── nopt@3.0.6
555 silly idealTree ├─┬ node-sass@3.4.2
555 silly idealTree │ ├── gaze@0.5.2
555 silly idealTree │ ├── glob@5.0.15
555 silly idealTree │ └── minimatch@3.0.0
555 silly idealTree ├── node-uuid@1.4.7
555 silly idealTree ├── node-watch@0.3.5
555 silly idealTree ├── nopt@1.0.10
555 silly idealTree ├─┬ noptify@0.0.3
555 silly idealTree │ └── nopt@2.0.0
555 silly idealTree ├── normalize-package-data@2.3.5
555 silly idealTree ├─┬ npmconf@2.1.2
555 silly idealTree │ ├── nopt@3.0.6
555 silly idealTree │ └── semver@4.3.6
555 silly idealTree ├── npmlog@1.2.1
555 silly idealTree ├── number-is-nan@1.0.0
555 silly idealTree ├── oauth-sign@0.8.0
555 silly idealTree ├── object-assign@4.0.1
555 silly idealTree ├── once@1.3.3
555 silly idealTree ├─┬ optimist@0.6.1
555 silly idealTree │ └── minimist@0.0.10
555 silly idealTree ├── os-homedir@1.0.1
555 silly idealTree ├── os-locale@1.4.0
555 silly idealTree ├── os-shim@0.1.3
555 silly idealTree ├── os-tmpdir@1.0.1
555 silly idealTree ├── osenv@0.1.3
555 silly idealTree ├── parse-json@2.2.0
555 silly idealTree ├── path-array@1.0.0
555 silly idealTree ├── path-exists@2.1.0
555 silly idealTree ├── path-is-absolute@1.0.0
555 silly idealTree ├─┬ path-type@1.1.0
555 silly idealTree │ └── graceful-fs@4.1.2
555 silly idealTree ├── pify@2.3.0
555 silly idealTree ├── pinkie-promise@2.0.0
555 silly idealTree ├── pinkie@2.0.1
555 silly idealTree ├── process-nextick-args@1.0.6
555 silly idealTree ├── proto-list@1.2.4
555 silly idealTree ├── pseudomap@1.0.1
555 silly idealTree ├── qs@0.5.6
555 silly idealTree ├── read-pkg-up@1.0.1
555 silly idealTree ├── read-pkg@1.1.0
555 silly idealTree ├── readable-stream@2.0.5
555 silly idealTree ├── redent@1.0.0
555 silly idealTree ├── repeating@2.0.0
555 silly idealTree ├─┬ request@2.67.0
555 silly idealTree │ └── qs@5.2.0
555 silly idealTree ├── rimraf@2.2.8
555 silly idealTree ├─┬ sass-graph@2.0.1
555 silly idealTree │ ├── camelcase@2.0.1
555 silly idealTree │ ├── glob@5.0.15
555 silly idealTree │ ├── lodash@3.10.1
555 silly idealTree │ ├── minimatch@3.0.0
555 silly idealTree │ ├── window-size@0.1.4
555 silly idealTree │ └── yargs@3.31.0
555 silly idealTree ├── sass@0.5.0
555 silly idealTree ├── semver@5.1.0
555 silly idealTree ├── sigmund@1.0.1
555 silly idealTree ├── signal-exit@2.1.2
555 silly idealTree ├── sntp@1.0.9
555 silly idealTree ├── source-map@0.1.34
555 silly idealTree ├── spawn-sync@1.0.13
555 silly idealTree ├── spdx-correct@1.0.2
555 silly idealTree ├── spdx-exceptions@1.0.4
555 silly idealTree ├── spdx-expression-parse@1.0.2
555 silly idealTree ├── spdx-license-ids@1.1.0
555 silly idealTree ├─┬ sshpk@1.7.1
555 silly idealTree │ └── assert-plus@0.2.0
555 silly idealTree ├── string_decoder@0.10.31
555 silly idealTree ├── string-width@1.0.1
555 silly idealTree ├── stringstream@0.0.5
555 silly idealTree ├── strip-ansi@3.0.0
555 silly idealTree ├── strip-bom@2.0.0
555 silly idealTree ├── strip-indent@1.0.1
555 silly idealTree ├── supports-color@2.0.0
555 silly idealTree ├── tar@2.2.1
555 silly idealTree ├── tiny-lr@0.0.4
555 silly idealTree ├── tough-cookie@2.2.1
555 silly idealTree ├── trim-newlines@1.0.0
555 silly idealTree ├── tunnel-agent@0.4.2
555 silly idealTree ├── tweetnacl@0.13.2
555 silly idealTree ├── typedarray@0.0.6
555 silly idealTree ├─┬ uglify-js@2.4.24
555 silly idealTree │ └── async@0.2.10
555 silly idealTree ├── uglify-to-browserify@1.0.2
555 silly idealTree ├── uid-number@0.0.5
555 silly idealTree ├── underscore.string@2.2.1
555 silly idealTree ├── underscore@1.7.0
555 silly idealTree ├── util-deprecate@1.0.2
555 silly idealTree ├── validate-npm-package-license@3.0.1
555 silly idealTree ├── verror@1.3.6
555 silly idealTree ├── which@1.0.9
555 silly idealTree ├── window-size@0.1.0
555 silly idealTree ├── wordwrap@0.0.2
555 silly idealTree ├── wrap-ansi@1.0.0
555 silly idealTree ├── wrappy@1.0.1
555 silly idealTree ├── xtend@4.0.1
555 silly idealTree ├── y18n@3.2.0
555 silly idealTree ├── yargs@3.5.4
555 silly idealTree └── zlib-browserify@0.0.1
556 silly generateActionsToTake Starting
557 silly install generateActionsToTake
558 silly generateActionsToTake Finishing
559 silly diffTrees action count 18
560 silly diffTrees add diff@1.0.7
561 silly diffTrees add growl@1.7.0
562 silly diffTrees add async@0.2.10
563 silly diffTrees add colors@0.6.0-1
564 silly diffTrees add mkdirp@0.3.5
565 silly diffTrees add commander@0.6.1
566 silly diffTrees add mkdirp@0.3.0
567 silly diffTrees add jade@0.26.3
568 silly diffTrees add commander@0.6.1
569 silly diffTrees add graceful-fs@2.0.3
570 silly diffTrees add glob@3.2.3
571 silly diffTrees add mkdirp@0.3.5
572 silly diffTrees add mocha@1.13.0
573 silly diffTrees add node-watch@0.3.5
574 silly diffTrees add minimist@0.0.10
575 silly diffTrees add optimist@0.6.1
576 silly diffTrees add node-sass@0.7.0
577 silly diffTrees add grunt-sass@0.8.1
578 silly decomposeActions action count 144
579 silly decomposeActions fetch diff@1.0.7
580 silly decomposeActions extract diff@1.0.7
581 silly decomposeActions test diff@1.0.7
582 silly decomposeActions preinstall diff@1.0.7
583 silly decomposeActions build diff@1.0.7
584 silly decomposeActions install diff@1.0.7
585 silly decomposeActions postinstall diff@1.0.7
586 silly decomposeActions finalize diff@1.0.7
587 silly decomposeActions fetch growl@1.7.0
588 silly decomposeActions extract growl@1.7.0
589 silly decomposeActions test growl@1.7.0
590 silly decomposeActions preinstall growl@1.7.0
591 silly decomposeActions build growl@1.7.0
592 silly decomposeActions install growl@1.7.0
593 silly decomposeActions postinstall growl@1.7.0
594 silly decomposeActions finalize growl@1.7.0
595 silly decomposeActions fetch async@0.2.10
596 silly decomposeActions extract async@0.2.10
597 silly decomposeActions test async@0.2.10
598 silly decomposeActions preinstall async@0.2.10
599 silly decomposeActions build async@0.2.10
600 silly decomposeActions install async@0.2.10
601 silly decomposeActions postinstall async@0.2.10
602 silly decomposeActions finalize async@0.2.10
603 silly decomposeActions fetch colors@0.6.0-1
604 silly decomposeActions extract colors@0.6.0-1
605 silly decomposeActions test colors@0.6.0-1
606 silly decomposeActions preinstall colors@0.6.0-1
607 silly decomposeActions build colors@0.6.0-1
608 silly decomposeActions install colors@0.6.0-1
609 silly decomposeActions postinstall colors@0.6.0-1
610 silly decomposeActions finalize colors@0.6.0-1
611 silly decomposeActions fetch mkdirp@0.3.5
612 silly decomposeActions extract mkdirp@0.3.5
613 silly decomposeActions test mkdirp@0.3.5
614 silly decomposeActions preinstall mkdirp@0.3.5
615 silly decomposeActions build mkdirp@0.3.5
616 silly decomposeActions install mkdirp@0.3.5
617 silly decomposeActions postinstall mkdirp@0.3.5
618 silly decomposeActions finalize mkdirp@0.3.5
619 silly decomposeActions fetch commander@0.6.1
620 silly decomposeActions extract commander@0.6.1
621 silly decomposeActions test commander@0.6.1
622 silly decomposeActions preinstall commander@0.6.1
623 silly decomposeActions build commander@0.6.1
624 silly decomposeActions install commander@0.6.1
625 silly decomposeActions postinstall commander@0.6.1
626 silly decomposeActions finalize commander@0.6.1
627 silly decomposeActions fetch mkdirp@0.3.0
628 silly decomposeActions extract mkdirp@0.3.0
629 silly decomposeActions test mkdirp@0.3.0
630 silly decomposeActions preinstall mkdirp@0.3.0
631 silly decomposeActions build mkdirp@0.3.0
632 silly decomposeActions install mkdirp@0.3.0
633 silly decomposeActions postinstall mkdirp@0.3.0
634 silly decomposeActions finalize mkdirp@0.3.0
635 silly decomposeActions fetch jade@0.26.3
636 silly decomposeActions extract jade@0.26.3
637 silly decomposeActions test jade@0.26.3
638 silly decomposeActions preinstall jade@0.26.3
639 silly decomposeActions build jade@0.26.3
640 silly decomposeActions install jade@0.26.3
641 silly decomposeActions postinstall jade@0.26.3
642 silly decomposeActions finalize jade@0.26.3
643 silly decomposeActions fetch commander@0.6.1
644 silly decomposeActions extract commander@0.6.1
645 silly decomposeActions test commander@0.6.1
646 silly decomposeActions preinstall commander@0.6.1
647 silly decomposeActions build commander@0.6.1
648 silly decomposeActions install commander@0.6.1
649 silly decomposeActions postinstall commander@0.6.1
650 silly decomposeActions finalize commander@0.6.1
651 silly decomposeActions fetch graceful-fs@2.0.3
652 silly decomposeActions extract graceful-fs@2.0.3
653 silly decomposeActions test graceful-fs@2.0.3
654 silly decomposeActions preinstall graceful-fs@2.0.3
655 silly decomposeActions build graceful-fs@2.0.3
656 silly decomposeActions install graceful-fs@2.0.3
657 silly decomposeActions postinstall graceful-fs@2.0.3
658 silly decomposeActions finalize graceful-fs@2.0.3
659 silly decomposeActions fetch glob@3.2.3
660 silly decomposeActions extract glob@3.2.3
661 silly decomposeActions test glob@3.2.3
662 silly decomposeActions preinstall glob@3.2.3
663 silly decomposeActions build glob@3.2.3
664 silly decomposeActions install glob@3.2.3
665 silly decomposeActions postinstall glob@3.2.3
666 silly decomposeActions finalize glob@3.2.3
667 silly decomposeActions fetch mkdirp@0.3.5
668 silly decomposeActions extract mkdirp@0.3.5
669 silly decomposeActions test mkdirp@0.3.5
670 silly decomposeActions preinstall mkdirp@0.3.5
671 silly decomposeActions build mkdirp@0.3.5
672 silly decomposeActions install mkdirp@0.3.5
673 silly decomposeActions postinstall mkdirp@0.3.5
674 silly decomposeActions finalize mkdirp@0.3.5
675 silly decomposeActions fetch mocha@1.13.0
676 silly decomposeActions extract mocha@1.13.0
677 silly decomposeActions test mocha@1.13.0
678 silly decomposeActions preinstall mocha@1.13.0
679 silly decomposeActions build mocha@1.13.0
680 silly decomposeActions install mocha@1.13.0
681 silly decomposeActions postinstall mocha@1.13.0
682 silly decomposeActions finalize mocha@1.13.0
683 silly decomposeActions fetch node-watch@0.3.5
684 silly decomposeActions extract node-watch@0.3.5
685 silly decomposeActions test node-watch@0.3.5
686 silly decomposeActions preinstall node-watch@0.3.5
687 silly decomposeActions build node-watch@0.3.5
688 silly decomposeActions install node-watch@0.3.5
689 silly decomposeActions postinstall node-watch@0.3.5
690 silly decomposeActions finalize node-watch@0.3.5
691 silly decomposeActions fetch minimist@0.0.10
692 silly decomposeActions extract minimist@0.0.10
693 silly decomposeActions test minimist@0.0.10
694 silly decomposeActions preinstall minimist@0.0.10
695 silly decomposeActions build minimist@0.0.10
696 silly decomposeActions install minimist@0.0.10
697 silly decomposeActions postinstall minimist@0.0.10
698 silly decomposeActions finalize minimist@0.0.10
699 silly decomposeActions fetch optimist@0.6.1
700 silly decomposeActions extract optimist@0.6.1
701 silly decomposeActions test optimist@0.6.1
702 silly decomposeActions preinstall optimist@0.6.1
703 silly decomposeActions build optimist@0.6.1
704 silly decomposeActions install optimist@0.6.1
705 silly decomposeActions postinstall optimist@0.6.1
706 silly decomposeActions finalize optimist@0.6.1
707 silly decomposeActions fetch node-sass@0.7.0
708 silly decomposeActions extract node-sass@0.7.0
709 silly decomposeActions test node-sass@0.7.0
710 silly decomposeActions preinstall node-sass@0.7.0
711 silly decomposeActions build node-sass@0.7.0
712 silly decomposeActions install node-sass@0.7.0
713 silly decomposeActions postinstall node-sass@0.7.0
714 silly decomposeActions finalize node-sass@0.7.0
715 silly decomposeActions fetch grunt-sass@0.8.1
716 silly decomposeActions extract grunt-sass@0.8.1
717 silly decomposeActions test grunt-sass@0.8.1
718 silly decomposeActions preinstall grunt-sass@0.8.1
719 silly decomposeActions build grunt-sass@0.8.1
720 silly decomposeActions install grunt-sass@0.8.1
721 silly decomposeActions postinstall grunt-sass@0.8.1
722 silly decomposeActions finalize grunt-sass@0.8.1
723 silly executeActions Starting
724 silly install executeActions
725 silly doSerial global-install 0
726 silly doParallel fetch 18
727 verbose lock using /Users/drewcoll/.npm/_locks/staging-85f475169bba75bb.lock for /Users/drewcoll/Sites/cms.coenv.uw.dev/wp-content/themes/coenv-smea/node_modules/.staging
728 silly doParallel extract 18
729 silly extract diff@1.0.7
730 silly extract growl@1.7.0
731 silly extract async@0.2.10
732 silly extract colors@0.6.0-1
733 silly extract mkdirp@0.3.5
734 silly extract commander@0.6.1
735 silly extract mkdirp@0.3.0
736 silly extract jade@0.26.3
737 silly extract commander@0.6.1
738 silly extract graceful-fs@2.0.3
739 silly extract glob@3.2.3
740 silly extract mkdirp@0.3.5
741 silly extract mocha@1.13.0
742 silly extract node-watch@0.3.5
743 silly extract minimist@0.0.10
744 silly extract optimist@0.6.1
745 silly extract node-sass@0.7.0
746 silly extract grunt-sass@0.8.1
747 verbose unbuild node_modules/.staging/growl-ce06aba9
748 verbose unbuild node_modules/.staging/diff-abc7f16b
749 verbose unbuild node_modules/.staging/async-21e458a1
750 verbose unbuild node_modules/.staging/colors-667db025
751 verbose unbuild node_modules/.staging/commander-3b2cc3a8
752 verbose unbuild node_modules/.staging/mkdirp-5ebc32b2
753 verbose unbuild node_modules/.staging/commander-701a8b46
754 verbose unbuild node_modules/.staging/mkdirp-6a239798
755 verbose unbuild node_modules/.staging/mkdirp-582ffe7d
756 verbose unbuild node_modules/.staging/glob-6f9ecb7d
757 verbose unbuild node_modules/.staging/graceful-fs-eae06224
758 verbose unbuild node_modules/.staging/node-watch-3b036dbc
759 verbose unbuild node_modules/.staging/optimist-2d5d88d3
760 verbose unbuild node_modules/.staging/jade-06e4749f
761 verbose unbuild node_modules/.staging/mocha-18aa56eb
762 verbose unbuild node_modules/.staging/minimist-0b250004
763 silly gentlyRm /Users/drewcoll/Sites/cms.coenv.uw.dev/wp-content/themes/coenv-smea/node_modules/.staging/growl-ce06aba9 is being purged from base /Users/drewcoll/Sites/cms.coenv.uw.dev/wp-content/themes/coenv-smea
764 verbose gentlyRm don't care about contents; nuking /Users/drewcoll/Sites/cms.coenv.uw.dev/wp-content/themes/coenv-smea/node_modules/.staging/growl-ce06aba9
765 silly gentlyRm /Users/drewcoll/Sites/cms.coenv.uw.dev/wp-content/themes/coenv-smea/node_modules/.staging/diff-abc7f16b is being purged from base /Users/drewcoll/Sites/cms.coenv.uw.dev/wp-content/themes/coenv-smea
766 verbose gentlyRm don't care about contents; nuking /Users/drewcoll/Sites/cms.coenv.uw.dev/wp-content/themes/coenv-smea/node_modules/.staging/diff-abc7f16b
767 silly gentlyRm /Users/drewcoll/Sites/cms.coenv.uw.dev/wp-content/themes/coenv-smea/node_modules/.staging/async-21e458a1 is being purged from base /Users/drewcoll/Sites/cms.coenv.uw.dev/wp-content/themes/coenv-smea
768 verbose gentlyRm don't care about contents; nuking /Users/drewcoll/Sites/cms.coenv.uw.dev/wp-content/themes/coenv-smea/node_modules/.staging/async-21e458a1
769 silly gentlyRm /Users/drewcoll/Sites/cms.coenv.uw.dev/wp-content/themes/coenv-smea/node_modules/.staging/colors-667db025 is being purged from base /Users/drewcoll/Sites/cms.coenv.uw.dev/wp-content/themes/coenv-smea
770 verbose gentlyRm don't care about contents; nuking /Users/drewcoll/Sites/cms.coenv.uw.dev/wp-content/themes/coenv-smea/node_modules/.staging/colors-667db025
771 silly gentlyRm /Users/drewcoll/Sites/cms.coenv.uw.dev/wp-content/themes/coenv-smea/node_modules/.staging/commander-3b2cc3a8 is being purged from base /Users/drewcoll/Sites/cms.coenv.uw.dev/wp-content/themes/coenv-smea
772 verbose gentlyRm don't care about contents; nuking /Users/drewcoll/Sites/cms.coenv.uw.dev/wp-content/themes/coenv-smea/node_modules/.staging/commander-3b2cc3a8
773 silly gentlyRm /Users/drewcoll/Sites/cms.coenv.uw.dev/wp-content/themes/coenv-smea/node_modules/.staging/mkdirp-5ebc32b2 is being purged from base /Users/drewcoll/Sites/cms.coenv.uw.dev/wp-content/themes/coenv-smea
774 verbose gentlyRm don't care about contents; nuking /Users/drewcoll/Sites/cms.coenv.uw.dev/wp-content/themes/coenv-smea/node_modules/.staging/mkdirp-5ebc32b2
775 verbose unbuild node_modules/.staging/grunt-sass-62437542
776 silly gentlyRm /Users/drewcoll/Sites/cms.coenv.uw.dev/wp-content/themes/coenv-smea/node_modules/.staging/commander-701a8b46 is being purged from base /Users/drewcoll/Sites/cms.coenv.uw.dev/wp-content/themes/coenv-smea
777 verbose gentlyRm don't care about contents; nuking /Users/drewcoll/Sites/cms.coenv.uw.dev/wp-content/themes/coenv-smea/node_modules/.staging/commander-701a8b46
778 silly gentlyRm /Users/drewcoll/Sites/cms.coenv.uw.dev/wp-content/themes/coenv-smea/node_modules/.staging/mkdirp-6a239798 is being purged from base /Users/drewcoll/Sites/cms.coenv.uw.dev/wp-content/themes/coenv-smea
779 verbose gentlyRm don't care about contents; nuking /Users/drewcoll/Sites/cms.coenv.uw.dev/wp-content/themes/coenv-smea/node_modules/.staging/mkdirp-6a239798
780 silly gentlyRm /Users/drewcoll/Sites/cms.coenv.uw.dev/wp-content/themes/coenv-smea/node_modules/.staging/mkdirp-582ffe7d is being purged from base /Users/drewcoll/Sites/cms.coenv.uw.dev/wp-content/themes/coenv-smea
781 verbose gentlyRm don't care about contents; nuking /Users/drewcoll/Sites/cms.coenv.uw.dev/wp-content/themes/coenv-smea/node_modules/.staging/mkdirp-582ffe7d
782 silly gentlyRm /Users/drewcoll/Sites/cms.coenv.uw.dev/wp-content/themes/coenv-smea/node_modules/.staging/glob-6f9ecb7d is being purged from base /Users/drewcoll/Sites/cms.coenv.uw.dev/wp-content/themes/coenv-smea
783 verbose gentlyRm don't care about contents; nuking /Users/drewcoll/Sites/cms.coenv.uw.dev/wp-content/themes/coenv-smea/node_modules/.staging/glob-6f9ecb7d
784 silly gentlyRm /Users/drewcoll/Sites/cms.coenv.uw.dev/wp-content/themes/coenv-smea/node_modules/.staging/graceful-fs-eae06224 is being purged from base /Users/drewcoll/Sites/cms.coenv.uw.dev/wp-content/themes/coenv-smea
785 verbose gentlyRm don't care about contents; nuking /Users/drewcoll/Sites/cms.coenv.uw.dev/wp-content/themes/coenv-smea/node_modules/.staging/graceful-fs-eae06224
786 silly gentlyRm /Users/drewcoll/Sites/cms.coenv.uw.dev/wp-content/themes/coenv-smea/node_modules/.staging/node-watch-3b036dbc is being purged from base /Users/drewcoll/Sites/cms.coenv.uw.dev/wp-content/themes/coenv-smea
787 verbose gentlyRm don't care about contents; nuking /Users/drewcoll/Sites/cms.coenv.uw.dev/wp-content/themes/coenv-smea/node_modules/.staging/node-watch-3b036dbc
788 silly gentlyRm /Users/drewcoll/Sites/cms.coenv.uw.dev/wp-content/themes/coenv-smea/node_modules/.staging/optimist-2d5d88d3 is being purged from base /Users/drewcoll/Sites/cms.coenv.uw.dev/wp-content/themes/coenv-smea
789 verbose gentlyRm don't care about contents; nuking /Users/drewcoll/Sites/cms.coenv.uw.dev/wp-content/themes/coenv-smea/node_modules/.staging/optimist-2d5d88d3
790 verbose tar unpack /Users/drewcoll/.npm/growl/1.7.0/package.tgz
791 verbose tar unpacking to /Users/drewcoll/Sites/cms.coenv.uw.dev/wp-content/themes/coenv-smea/node_modules/.staging/growl-ce06aba9
792 silly gentlyRm /Users/drewcoll/Sites/cms.coenv.uw.dev/wp-content/themes/coenv-smea/node_modules/.staging/growl-ce06aba9 is being purged
793 verbose gentlyRm don't care about contents; nuking /Users/drewcoll/Sites/cms.coenv.uw.dev/wp-content/themes/coenv-smea/node_modules/.staging/growl-ce06aba9
794 verbose tar unpack /Users/drewcoll/.npm/diff/1.0.7/package.tgz
795 verbose tar unpacking to /Users/drewcoll/Sites/cms.coenv.uw.dev/wp-content/themes/coenv-smea/node_modules/.staging/diff-abc7f16b
796 silly gentlyRm /Users/drewcoll/Sites/cms.coenv.uw.dev/wp-content/themes/coenv-smea/node_modules/.staging/diff-abc7f16b is being purged
797 verbose gentlyRm don't care about contents; nuking /Users/drewcoll/Sites/cms.coenv.uw.dev/wp-content/themes/coenv-smea/node_modules/.staging/diff-abc7f16b
798 verbose tar unpack /Users/drewcoll/.npm/async/0.2.10/package.tgz
799 verbose tar unpacking to /Users/drewcoll/Sites/cms.coenv.uw.dev/wp-content/themes/coenv-smea/node_modules/.staging/async-21e458a1
800 silly gentlyRm /Users/drewcoll/Sites/cms.coenv.uw.dev/wp-content/themes/coenv-smea/node_modules/.staging/async-21e458a1 is being purged
801 verbose gentlyRm don't care about contents; nuking /Users/drewcoll/Sites/cms.coenv.uw.dev/wp-content/themes/coenv-smea/node_modules/.staging/async-21e458a1
802 verbose tar unpack /Users/drewcoll/.npm/colors/0.6.0-1/package.tgz
803 verbose tar unpacking to /Users/drewcoll/Sites/cms.coenv.uw.dev/wp-content/themes/coenv-smea/node_modules/.staging/colors-667db025
804 silly gentlyRm /Users/drewcoll/Sites/cms.coenv.uw.dev/wp-content/themes/coenv-smea/node_modules/.staging/colors-667db025 is being purged
805 verbose gentlyRm don't care about contents; nuking /Users/drewcoll/Sites/cms.coenv.uw.dev/wp-content/themes/coenv-smea/node_modules/.staging/colors-667db025
806 verbose tar unpack /Users/drewcoll/.npm/commander/0.6.1/package.tgz
807 verbose tar unpacking to /Users/drewcoll/Sites/cms.coenv.uw.dev/wp-content/themes/coenv-smea/node_modules/.staging/commander-3b2cc3a8
808 silly gentlyRm /Users/drewcoll/Sites/cms.coenv.uw.dev/wp-content/themes/coenv-smea/node_modules/.staging/commander-3b2cc3a8 is being purged
809 verbose gentlyRm don't care about contents; nuking /Users/drewcoll/Sites/cms.coenv.uw.dev/wp-content/themes/coenv-smea/node_modules/.staging/commander-3b2cc3a8
810 verbose tar unpack /Users/drewcoll/.npm/mkdirp/0.3.5/package.tgz
811 verbose tar unpacking to /Users/drewcoll/Sites/cms.coenv.uw.dev/wp-content/themes/coenv-smea/node_modules/.staging/mkdirp-5ebc32b2
812 silly gentlyRm /Users/drewcoll/Sites/cms.coenv.uw.dev/wp-content/themes/coenv-smea/node_modules/.staging/mkdirp-5ebc32b2 is being purged
813 verbose gentlyRm don't care about contents; nuking /Users/drewcoll/Sites/cms.coenv.uw.dev/wp-content/themes/coenv-smea/node_modules/.staging/mkdirp-5ebc32b2
814 verbose tar unpack /Users/drewcoll/.npm/commander/0.6.1/package.tgz
815 verbose tar unpacking to /Users/drewcoll/Sites/cms.coenv.uw.dev/wp-content/themes/coenv-smea/node_modules/.staging/commander-701a8b46
816 silly gentlyRm /Users/drewcoll/Sites/cms.coenv.uw.dev/wp-content/themes/coenv-smea/node_modules/.staging/commander-701a8b46 is being purged
817 verbose gentlyRm don't care about contents; nuking /Users/drewcoll/Sites/cms.coenv.uw.dev/wp-content/themes/coenv-smea/node_modules/.staging/commander-701a8b46
818 verbose unbuild node_modules/.staging/node-sass-8632b951
819 silly gentlyRm /Users/drewcoll/Sites/cms.coenv.uw.dev/wp-content/themes/coenv-smea/node_modules/.staging/jade-06e4749f is being purged from base /Users/drewcoll/Sites/cms.coenv.uw.dev/wp-content/themes/coenv-smea
820 verbose gentlyRm don't care about contents; nuking /Users/drewcoll/Sites/cms.coenv.uw.dev/wp-content/themes/coenv-smea/node_modules/.staging/jade-06e4749f
821 verbose tar unpack /Users/drewcoll/.npm/mkdirp/0.3.0/package.tgz
822 verbose tar unpacking to /Users/drewcoll/Sites/cms.coenv.uw.dev/wp-content/themes/coenv-smea/node_modules/.staging/mkdirp-6a239798
823 silly gentlyRm /Users/drewcoll/Sites/cms.coenv.uw.dev/wp-content/themes/coenv-smea/node_modules/.staging/mkdirp-6a239798 is being purged
824 verbose gentlyRm don't care about contents; nuking /Users/drewcoll/Sites/cms.coenv.uw.dev/wp-content/themes/coenv-smea/node_modules/.staging/mkdirp-6a239798
825 verbose tar unpack /Users/drewcoll/.npm/mkdirp/0.3.5/package.tgz
826 verbose tar unpacking to /Users/drewcoll/Sites/cms.coenv.uw.dev/wp-content/themes/coenv-smea/node_modules/.staging/mkdirp-582ffe7d
827 silly gentlyRm /Users/drewcoll/Sites/cms.coenv.uw.dev/wp-content/themes/coenv-smea/node_modules/.staging/mkdirp-582ffe7d is being purged
828 verbose gentlyRm don't care about contents; nuking /Users/drewcoll/Sites/cms.coenv.uw.dev/wp-content/themes/coenv-smea/node_modules/.staging/mkdirp-582ffe7d
829 verbose tar unpack /Users/drewcoll/.npm/glob/3.2.3/package.tgz
830 verbose tar unpacking to /Users/drewcoll/Sites/cms.coenv.uw.dev/wp-content/themes/coenv-smea/node_modules/.staging/glob-6f9ecb7d
831 silly gentlyRm /Users/drewcoll/Sites/cms.coenv.uw.dev/wp-content/themes/coenv-smea/node_modules/.staging/glob-6f9ecb7d is being purged
832 verbose gentlyRm don't care about contents; nuking /Users/drewcoll/Sites/cms.coenv.uw.dev/wp-content/themes/coenv-smea/node_modules/.staging/glob-6f9ecb7d
833 verbose tar unpack /Users/drewcoll/.npm/graceful-fs/2.0.3/package.tgz
834 verbose tar unpacking to /Users/drewcoll/Sites/cms.coenv.uw.dev/wp-content/themes/coenv-smea/node_modules/.staging/graceful-fs-eae06224
835 silly gentlyRm /Users/drewcoll/Sites/cms.coenv.uw.dev/wp-content/themes/coenv-smea/node_modules/.staging/graceful-fs-eae06224 is being purged
836 verbose gentlyRm don't care about contents; nuking /Users/drewcoll/Sites/cms.coenv.uw.dev/wp-content/themes/coenv-smea/node_modules/.staging/graceful-fs-eae06224
837 verbose tar unpack /Users/drewcoll/.npm/node-watch/0.3.5/package.tgz
838 verbose tar unpacking to /Users/drewcoll/Sites/cms.coenv.uw.dev/wp-content/themes/coenv-smea/node_modules/.staging/node-watch-3b036dbc
839 silly gentlyRm /Users/drewcoll/Sites/cms.coenv.uw.dev/wp-content/themes/coenv-smea/node_modules/.staging/node-watch-3b036dbc is being purged
840 verbose gentlyRm don't care about contents; nuking /Users/drewcoll/Sites/cms.coenv.uw.dev/wp-content/themes/coenv-smea/node_modules/.staging/node-watch-3b036dbc
841 silly gentlyRm /Users/drewcoll/Sites/cms.coenv.uw.dev/wp-content/themes/coenv-smea/node_modules/.staging/mocha-18aa56eb is being purged from base /Users/drewcoll/Sites/cms.coenv.uw.dev/wp-content/themes/coenv-smea
842 verbose gentlyRm don't care about contents; nuking /Users/drewcoll/Sites/cms.coenv.uw.dev/wp-content/themes/coenv-smea/node_modules/.staging/mocha-18aa56eb
843 silly gentlyRm /Users/drewcoll/Sites/cms.coenv.uw.dev/wp-content/themes/coenv-smea/node_modules/.staging/minimist-0b250004 is being purged from base /Users/drewcoll/Sites/cms.coenv.uw.dev/wp-content/themes/coenv-smea
844 verbose gentlyRm don't care about contents; nuking /Users/drewcoll/Sites/cms.coenv.uw.dev/wp-content/themes/coenv-smea/node_modules/.staging/minimist-0b250004
845 verbose tar unpack /Users/drewcoll/.npm/optimist/0.6.1/package.tgz
846 verbose tar unpacking to /Users/drewcoll/Sites/cms.coenv.uw.dev/wp-content/themes/coenv-smea/node_modules/.staging/optimist-2d5d88d3
847 silly gentlyRm /Users/drewcoll/Sites/cms.coenv.uw.dev/wp-content/themes/coenv-smea/node_modules/.staging/optimist-2d5d88d3 is being purged
848 verbose gentlyRm don't care about contents; nuking /Users/drewcoll/Sites/cms.coenv.uw.dev/wp-content/themes/coenv-smea/node_modules/.staging/optimist-2d5d88d3
849 silly gunzTarPerm modes [ '755', '644' ]
850 silly gunzTarPerm modes [ '755', '644' ]
851 silly gunzTarPerm modes [ '755', '644' ]
852 silly gunzTarPerm modes [ '755', '644' ]
853 silly gunzTarPerm modes [ '755', '644' ]
854 silly gunzTarPerm modes [ '755', '644' ]
855 silly gentlyRm /Users/drewcoll/Sites/cms.coenv.uw.dev/wp-content/themes/coenv-smea/node_modules/.staging/grunt-sass-62437542 is being purged from base /Users/drewcoll/Sites/cms.coenv.uw.dev/wp-content/themes/coenv-smea
856 verbose gentlyRm don't care about contents; nuking /Users/drewcoll/Sites/cms.coenv.uw.dev/wp-content/themes/coenv-smea/node_modules/.staging/grunt-sass-62437542
857 silly gunzTarPerm modes [ '755', '644' ]
858 verbose tar unpack /Users/drewcoll/.npm/jade/0.26.3/package.tgz
859 verbose tar unpacking to /Users/drewcoll/Sites/cms.coenv.uw.dev/wp-content/themes/coenv-smea/node_modules/.staging/jade-06e4749f
860 silly gentlyRm /Users/drewcoll/Sites/cms.coenv.uw.dev/wp-content/themes/coenv-smea/node_modules/.staging/jade-06e4749f is being purged
861 verbose gentlyRm don't care about contents; nuking /Users/drewcoll/Sites/cms.coenv.uw.dev/wp-content/themes/coenv-smea/node_modules/.staging/jade-06e4749f
862 silly gunzTarPerm modes [ '755', '644' ]
863 silly gunzTarPerm modes [ '755', '644' ]
864 silly gunzTarPerm modes [ '755', '644' ]
865 silly gunzTarPerm modes [ '755', '644' ]
866 silly gunzTarPerm modes [ '755', '644' ]
867 verbose tar unpack /Users/drewcoll/.npm/mocha/1.13.0/package.tgz
868 verbose tar unpacking to /Users/drewcoll/Sites/cms.coenv.uw.dev/wp-content/themes/coenv-smea/node_modules/.staging/mocha-18aa56eb
869 silly gentlyRm /Users/drewcoll/Sites/cms.coenv.uw.dev/wp-content/themes/coenv-smea/node_modules/.staging/mocha-18aa56eb is being purged
870 verbose gentlyRm don't care about contents; nuking /Users/drewcoll/Sites/cms.coenv.uw.dev/wp-content/themes/coenv-smea/node_modules/.staging/mocha-18aa56eb
871 verbose tar unpack /Users/drewcoll/.npm/minimist/0.0.10/package.tgz
872 verbose tar unpacking to /Users/drewcoll/Sites/cms.coenv.uw.dev/wp-content/themes/coenv-smea/node_modules/.staging/minimist-0b250004
873 silly gentlyRm /Users/drewcoll/Sites/cms.coenv.uw.dev/wp-content/themes/coenv-smea/node_modules/.staging/minimist-0b250004 is being purged
874 verbose gentlyRm don't care about contents; nuking /Users/drewcoll/Sites/cms.coenv.uw.dev/wp-content/themes/coenv-smea/node_modules/.staging/minimist-0b250004
875 silly gunzTarPerm modes [ '755', '644' ]
876 verbose tar unpack /Users/drewcoll/.npm/grunt-sass/0.8.1/package.tgz
877 verbose tar unpacking to /Users/drewcoll/Sites/cms.coenv.uw.dev/wp-content/themes/coenv-smea/node_modules/.staging/grunt-sass-62437542
878 silly gentlyRm /Users/drewcoll/Sites/cms.coenv.uw.dev/wp-content/themes/coenv-smea/node_modules/.staging/grunt-sass-62437542 is being purged
879 verbose gentlyRm don't care about contents; nuking /Users/drewcoll/Sites/cms.coenv.uw.dev/wp-content/themes/coenv-smea/node_modules/.staging/grunt-sass-62437542
880 silly gentlyRm /Users/drewcoll/Sites/cms.coenv.uw.dev/wp-content/themes/coenv-smea/node_modules/.staging/node-sass-8632b951 is being purged from base /Users/drewcoll/Sites/cms.coenv.uw.dev/wp-content/themes/coenv-smea
881 verbose gentlyRm don't care about contents; nuking /Users/drewcoll/Sites/cms.coenv.uw.dev/wp-content/themes/coenv-smea/node_modules/.staging/node-sass-8632b951
882 silly gunzTarPerm modes [ '755', '644' ]
883 silly gunzTarPerm modes [ '755', '644' ]
884 silly gunzTarPerm modes [ '755', '644' ]
885 silly gunzTarPerm modes [ '755', '644' ]
886 verbose tar unpack /Users/drewcoll/.npm/node-sass/0.7.0/package.tgz
887 verbose tar unpacking to /Users/drewcoll/Sites/cms.coenv.uw.dev/wp-content/themes/coenv-smea/node_modules/.staging/node-sass-8632b951
888 silly gentlyRm /Users/drewcoll/Sites/cms.coenv.uw.dev/wp-content/themes/coenv-smea/node_modules/.staging/node-sass-8632b951 is being purged
889 verbose gentlyRm don't care about contents; nuking /Users/drewcoll/Sites/cms.coenv.uw.dev/wp-content/themes/coenv-smea/node_modules/.staging/node-sass-8632b951
890 silly gunzTarPerm modes [ '755', '644' ]
891 silly gunzTarPerm extractEntry package.json
892 silly gunzTarPerm extractEntry package.json
893 silly gunzTarPerm extractEntry colors.js
894 silly gunzTarPerm extractEntry .npmignore
895 silly gunzTarPerm extractEntry package.json
896 silly gunzTarPerm extractEntry package.json
897 silly gunzTarPerm extractEntry .npmignore
898 silly gunzTarPerm extractEntry index.js
899 silly gunzTarPerm extractEntry package.json
900 silly gunzTarPerm extractEntry package.json
901 silly gunzTarPerm extractEntry package.json
902 silly gunzTarPerm extractEntry package.json
903 silly gunzTarPerm extractEntry package.json
904 silly gunzTarPerm extractEntry package.json
905 silly gunzTarPerm extractEntry package.json
906 silly gunzTarPerm extractEntry package.json
907 silly gunzTarPerm extractEntry package.json
908 silly gunzTarPerm extractEntry package.json
909 silly gunzTarPerm extractEntry test.js
910 silly gunzTarPerm extractEntry History.md
911 silly gunzTarPerm extractEntry README.md
912 silly gunzTarPerm extractEntry diff.js
913 silly gunzTarPerm extractEntry example.html
914 silly gunzTarPerm extractEntry example.js
915 silly gunzTarPerm extractEntry .travis.yml
916 silly gunzTarPerm extractEntry History.md
917 silly gunzTarPerm extractEntry README.md
918 silly gunzTarPerm extractEntry LICENSE
919 silly gunzTarPerm extractEntry component.json
920 silly gunzTarPerm extractEntry lib/async.js
921 silly gunzTarPerm extractEntry .npmignore
922 silly gunzTarPerm extractEntry LICENSE
923 silly gunzTarPerm extractEntry .travis.yml
924 silly gunzTarPerm extractEntry History.md
925 silly gunzTarPerm extractEntry package.json
926 silly gunzTarPerm extractEntry .gitignore.rej
927 silly gunzTarPerm extractEntry .npmignore
928 silly gunzTarPerm extractEntry LICENSE
929 silly gunzTarPerm extractEntry .npmignore
930 silly gunzTarPerm extractEntry README.md
931 silly gunzTarPerm extractEntry .npmignore
932 silly gunzTarPerm extractEntry README.md
933 silly gunzTarPerm extractEntry README.md
934 silly gunzTarPerm extractEntry LICENSE
935 silly gunzTarPerm extractEntry LICENSE
936 silly gunzTarPerm extractEntry index.js
937 silly gunzTarPerm extractEntry .npmignore
938 silly gunzTarPerm extractEntry LICENSE
939 silly gunzTarPerm extractEntry index.js
940 silly gunzTarPerm extractEntry mocha.js
941 silly gunzTarPerm extractEntry LICENSE
942 silly gunzTarPerm extractEntry index.js
943 silly gunzTarPerm extractEntry readme.md
944 silly gunzTarPerm extractEntry tasks/sass.js
945 silly gunzTarPerm extractEntry .npmignore
946 silly gunzTarPerm extractEntry README.md
947 silly gunzTarPerm extractEntry lib/growl.js
948 silly gunzTarPerm extractEntry Readme.md
949 silly gunzTarPerm extractEntry index.js
950 silly gunzTarPerm extractEntry lib/
951 silly gunzTarPerm extractEntry index.js
952 silly gunzTarPerm extractEntry lib/
953 silly gunzTarPerm extractEntry MIT-LICENSE.txt
954 silly gunzTarPerm extractEntry package.json
955 silly gunzTarPerm extractEntry ReadMe.md
956 silly gunzTarPerm extractEntry test.js
957 silly gunzTarPerm extractEntry index.js
958 silly gunzTarPerm extractEntry examples/pow.js
959 silly gunzTarPerm extractEntry .gitignore.orig
960 silly gunzTarPerm extractEntry README.markdown
961 silly gunzTarPerm extractEntry index.js
962 silly gunzTarPerm extractEntry examples/pow.js
963 silly gunzTarPerm extractEntry LICENSE
964 silly gunzTarPerm extractEntry glob.js
965 silly gunzTarPerm extractEntry LICENSE
966 silly gunzTarPerm extractEntry graceful-fs.js
967 silly gunzTarPerm extractEntry index.js
968 silly gunzTarPerm extractEntry lib/watch.js
969 silly gunzTarPerm extractEntry .travis.yml
970 silly gunzTarPerm extractEntry example/bool.js
971 silly gunzTarPerm extractEntry index.js
972 silly gunzTarPerm extractEntry jade.js
973 silly gunzTarPerm extractEntry bin/_mocha
974 silly gunzTarPerm extractEntry .travis.yml
975 silly gunzTarPerm extractEntry example/parse.js
976 silly gunzTarPerm extractEntry LICENSE
977 silly gunzTarPerm extractEntry test.js
978 silly gunzTarPerm extractEntry lib/commander.js
979 silly gunzTarPerm extractEntry Makefile
980 silly gunzTarPerm extractEntry package.json
981 silly gunzTarPerm extractEntry Readme.md
982 silly gunzTarPerm extractEntry lib/commander.js
983 silly gunzTarPerm extractEntry Makefile
984 silly gunzTarPerm extractEntry package.json
985 silly gunzTarPerm extractEntry Readme.md
986 silly gunzTarPerm extractEntry readme.markdown
987 silly gunzTarPerm extractEntry test/perm.js
988 silly gunzTarPerm extractEntry .travis.yml
989 silly gunzTarPerm extractEntry readme.markdown
990 silly gunzTarPerm extractEntry test/perm.js
991 silly gunzTarPerm extractEntry polyfills.js
992 silly gunzTarPerm extractEntry test/open.js
993 silly gunzTarPerm extractEntry test/readdir-sort.js
994 silly gunzTarPerm extractEntry jade.min.js
995 silly gunzTarPerm extractEntry LICENSE
996 silly gunzTarPerm extractEntry .gitignore
997 silly gunzTarPerm extractEntry bin/mocha
998 silly gunzTarPerm extractEntry images/error.png
999 silly gunzTarPerm extractEntry images/ok.png
1000 silly gunzTarPerm extractEntry example/default_singles.js
1001 silly gunzTarPerm extractEntry example/divide.js
1002 silly gunzTarPerm extractEntry example/line_count.js
1003 silly gunzTarPerm extractEntry example/default_hash.js
1004 silly gunzTarPerm extractEntry example/line_count_wrap.js
1005 silly gunzTarPerm extractEntry example/nonopt.js
1006 silly gunzTarPerm extractEntry example/reflect.js
1007 silly gunzTarPerm extractEntry example/short.js
1008 silly gunzTarPerm extractEntry example/string.js
1009 silly gunzTarPerm extractEntry example/boolean_single.js
1010 silly gunzTarPerm extractEntry example/usage-options.js
1011 silly gunzTarPerm extractEntry example/boolean_double.js
1012 silly gunzTarPerm extractEntry example/xup.js
1013 silly gunzTarPerm extractEntry example/line_count_options.js
1014 silly gunzTarPerm extractEntry readme.markdown
1015 silly gunzTarPerm extractEntry test/_.js
1016 silly gunzTarPerm extractEntry test/dash.js
1017 silly gunzTarPerm extractEntry test/parse.js
1018 silly gunzTarPerm extractEntry test/parse_modified.js
1019 silly gunzTarPerm extractEntry test/short.js
1020 silly gunzTarPerm extractEntry test/usage.js
1021 silly gunzTarPerm extractEntry test/whitespace.js
1022 silly gunzTarPerm extractEntry test/_/argv.js
1023 silly gunzTarPerm extractEntry test/_/bin.js
1024 silly gunzTarPerm extractEntry readme.markdown
1025 silly gunzTarPerm extractEntry test/bool.js
1026 silly gunzTarPerm extractEntry build.js
1027 silly gunzTarPerm extractEntry sass.js
1028 silly gunzTarPerm extractEntry lib/utils.js
1029 silly gunzTarPerm extractEntry lib/hook.js
1030 silly gunzTarPerm extractEntry lib/mocha.js
1031 silly gunzTarPerm extractEntry test/perm_sync.js
1032 silly gunzTarPerm extractEntry test/race.js
1033 silly gunzTarPerm extractEntry examples/pow.js.rej
1034 silly gunzTarPerm extractEntry examples/pow.js
1035 silly gunzTarPerm extractEntry examples/g.js
1036 silly gunzTarPerm extractEntry examples/usr-local.js
1037 silly gunzTarPerm extractEntry lib/ms.js
1038 silly gunzTarPerm extractEntry test/perm_sync.js
1039 silly gunzTarPerm extractEntry test/race.js
1040 silly gunzTarPerm extractEntry runtime.js
1041 silly gunzTarPerm extractEntry runtime.min.js
1042 silly gunzTarPerm extractEntry test/dash.js
1043 silly gunzTarPerm extractEntry lib/context.js
1044 silly gunzTarPerm extractEntry binding.cpp
1045 silly gunzTarPerm extractEntry lib/runnable.js
1046 silly gunzTarPerm extractEntry lib/runner.js
1047 silly gunzTarPerm extractEntry test/rel.js
1048 silly gunzTarPerm extractEntry examples/pow.js.orig
1049 silly gunzTarPerm extractEntry test/perm.js
1050 silly gunzTarPerm extractEntry test/rel.js
1051 silly gunzTarPerm extractEntry testing/index.js
1052 silly gunzTarPerm extractEntry testing/user.js
1053 silly gunzTarPerm extractEntry testing/head.jade
1054 silly gunzTarPerm extractEntry test/00-setup.js
1055 silly gunzTarPerm extractEntry test/stat.js
1056 silly gunzTarPerm extractEntry test/cwd-test.js
1057 silly gunzTarPerm extractEntry test/default_bool.js
1058 silly gunzTarPerm extractEntry test/dotted.js
1059 silly gunzTarPerm extractEntry testing/index.jade
1060 silly gunzTarPerm extractEntry test/globstar-match.js
1061 silly gunzTarPerm extractEntry binding.gyp
1062 silly gunzTarPerm extractEntry CONTRIBUTING.md
1063 silly gunzTarPerm extractEntry testing/layout.jade
1064 silly gunzTarPerm extractEntry lib/suite.js
1065 silly gunzTarPerm extractEntry lib/test.js
1066 silly gunzTarPerm extractEntry testing/user.jade
1067 silly gentlyRm /Users/drewcoll/Sites/cms.coenv.uw.dev/wp-content/themes/coenv-smea/node_modules/.staging/diff-abc7f16b/node_modules is being purged
1068 verbose gentlyRm don't care about contents; nuking /Users/drewcoll/Sites/cms.coenv.uw.dev/wp-content/themes/coenv-smea/node_modules/.staging/diff-abc7f16b/node_modules
1069 silly gunzTarPerm extractEntry bin/jade
1070 silly gunzTarPerm extractEntry test/umask_sync.js
1071 silly gunzTarPerm extractEntry test/perm_sync.js
1072 silly gunzTarPerm extractEntry test/race.js
1073 silly gunzTarPerm extractEntry test/rel.js
1074 silly gunzTarPerm extractEntry test/mkdirp.js
1075 silly gunzTarPerm extractEntry test/clobber.js
1076 silly gunzTarPerm extractEntry test/umask.js
1077 silly gunzTarPerm extractEntry test/sync.js
1078 silly gunzTarPerm extractEntry test/chmod.js
1079 silly gunzTarPerm extractEntry test/return.js
1080 silly gunzTarPerm extractEntry test/clobber.js
1081 silly gunzTarPerm extractEntry test/return.js
1082 silly gunzTarPerm extractEntry test/clobber.js
1083 silly gunzTarPerm extractEntry test/long.js
1084 silly gunzTarPerm extractEntry test/num.js
1085 silly gunzTarPerm extractEntry test/mark.js
1086 silly gunzTarPerm extractEntry test/bash-comparison.js
1087 silly gunzTarPerm extractEntry .gitmodules
1088 silly gunzTarPerm extractEntry lib/cli.js
1089 silly gentlyRm /Users/drewcoll/Sites/cms.coenv.uw.dev/wp-content/themes/coenv-smea/node_modules/.staging/grunt-sass-62437542/node_modules is being purged
1090 verbose gentlyRm don't care about contents; nuking /Users/drewcoll/Sites/cms.coenv.uw.dev/wp-content/themes/coenv-smea/node_modules/.staging/grunt-sass-62437542/node_modules
1091 silly gunzTarPerm extractEntry lib/interfaces/bdd.js
1092 silly gunzTarPerm extractEntry lib/interfaces/exports.js
1093 silly gunzTarPerm extractEntry test/root.js
1094 silly gunzTarPerm extractEntry test/umask.js
1095 silly gunzTarPerm extractEntry jade.md
1096 silly gunzTarPerm extractEntry test.jade
1097 silly gunzTarPerm extractEntry lib/compiler.js
1098 silly gunzTarPerm extractEntry test/root.js
1099 silly gunzTarPerm extractEntry test/umask.js
1100 silly gunzTarPerm extractEntry test/pause-resume.js
1101 silly gunzTarPerm extractEntry test/root-nomount.js
1102 silly gunzTarPerm extractEntry test/parse.js
1103 silly gunzTarPerm extractEntry test/parse_modified.js
1104 silly gunzTarPerm extractEntry lib/filters.js
1105 silly gunzTarPerm extractEntry lib/middleware.js
1106 silly gunzTarPerm extractEntry lib/render.js
1107 silly gunzTarPerm extractEntry lib/inline-tags.js
1108 silly gunzTarPerm extractEntry lib/interfaces/index.js
1109 silly gunzTarPerm extractEntry lib/interfaces/qunit.js
1110 silly gentlyRm /Users/drewcoll/Sites/cms.coenv.uw.dev/wp-content/themes/coenv-smea/node_modules/.staging/growl-ce06aba9/node_modules is being purged
1111 verbose gentlyRm don't care about contents; nuking /Users/drewcoll/Sites/cms.coenv.uw.dev/wp-content/themes/coenv-smea/node_modules/.staging/growl-ce06aba9/node_modules
1112 silly gentlyRm /Users/drewcoll/Sites/cms.coenv.uw.dev/wp-content/themes/coenv-smea/node_modules/.staging/node-watch-3b036dbc/node_modules is being purged
1113 verbose gentlyRm don't care about contents; nuking /Users/drewcoll/Sites/cms.coenv.uw.dev/wp-content/themes/coenv-smea/node_modules/.staging/node-watch-3b036dbc/node_modules
1114 silly gunzTarPerm extractEntry test/sync.js
1115 silly gunzTarPerm extractEntry test/chmod.js
1116 silly gunzTarPerm extractEntry test/root.js
1117 silly gunzTarPerm extractEntry test/zz-cleanup.js
1118 silly gunzTarPerm extractEntry test/sync.js
1119 silly gunzTarPerm extractEntry test/chmod.js
1120 silly gunzTarPerm extractEntry test/short.js
1121 silly gunzTarPerm extractEntry test/whitespace.js
1122 silly gunzTarPerm extractEntry libsass/.npmignore
1123 silly gunzTarPerm extractEntry libsass/LICENSE
1124 silly gunzTarPerm extractEntry lib/jade.js
1125 silly gunzTarPerm extractEntry lib/doctypes.js
1126 silly gentlyRm /Users/drewcoll/Sites/cms.coenv.uw.dev/wp-content/themes/coenv-smea/node_modules/.staging/async-21e458a1/node_modules is being purged
1127 verbose gentlyRm don't care about contents; nuking /Users/drewcoll/Sites/cms.coenv.uw.dev/wp-content/themes/coenv-smea/node_modules/.staging/async-21e458a1/node_modules
1128 silly gunzTarPerm extractEntry lib/interfaces/tdd.js
1129 silly gunzTarPerm extractEntry lib/template.html
1130 silly gunzTarPerm extractEntry test/nocase-nomagic.js
1131 silly gunzTarPerm extractEntry test/bash-results.json
1132 silly gunzTarPerm extractEntry test/umask_sync.js
1133 silly gunzTarPerm extractEntry test/return_sync.js
1134 silly gunzTarPerm extractEntry test/umask_sync.js
1135 silly gunzTarPerm extractEntry test/return_sync.js
1136 silly gunzTarPerm extractEntry libsass/INSTALL
1137 silly gunzTarPerm extractEntry libsass/units.hpp
1138 silly gunzTarPerm extractEntry lib/self-closing.js
1139 silly gunzTarPerm extractEntry lib/parser.js
1140 silly gunzTarPerm extractEntry lib/browser/debug.js
1141 silly gunzTarPerm extractEntry lib/browser/events.js
1142 silly gentlyRm /Users/drewcoll/Sites/cms.coenv.uw.dev/wp-content/themes/coenv-smea/node_modules/.staging/colors-667db025/node_modules is being purged
1143 verbose gentlyRm don't care about contents; nuking /Users/drewcoll/Sites/cms.coenv.uw.dev/wp-content/themes/coenv-smea/node_modules/.staging/colors-667db025/node_modules
1144 silly gunzTarPerm extractEntry test/mkdirp.js
1145 silly gunzTarPerm extractEntry .travis.yml
1146 silly gunzTarPerm extractEntry lib/runtime.js
1147 silly gunzTarPerm extractEntry lib/utils.js
1148 silly gunzTarPerm extractEntry test/mkdirp.js
1149 silly gunzTarPerm extractEntry .travis.yml
1150 silly gunzTarPerm extractEntry libsass/Makefile
1151 silly gunzTarPerm extractEntry libsass/Makefile.am
1152 silly gunzTarPerm extractEntry lib/browser/fs.js
1153 silly gunzTarPerm extractEntry lib/browser/path.js
1154 silly gentlyRm /Users/drewcoll/Sites/cms.coenv.uw.dev/wp-content/themes/coenv-smea/node_modules/.staging/graceful-fs-eae06224/node_modules is being purged
1155 verbose gentlyRm don't care about contents; nuking /Users/drewcoll/Sites/cms.coenv.uw.dev/wp-content/themes/coenv-smea/node_modules/.staging/graceful-fs-eae06224/node_modules
1156 silly gentlyRm /Users/drewcoll/Sites/cms.coenv.uw.dev/wp-content/themes/coenv-smea/node_modules/.staging/commander-701a8b46/node_modules is being purged
1157 verbose gentlyRm don't care about contents; nuking /Users/drewcoll/Sites/cms.coenv.uw.dev/wp-content/themes/coenv-smea/node_modules/.staging/commander-701a8b46/node_modules
1158 silly gentlyRm /Users/drewcoll/Sites/cms.coenv.uw.dev/wp-content/themes/coenv-smea/node_modules/.staging/commander-3b2cc3a8/node_modules is being purged
1159 verbose gentlyRm don't care about contents; nuking /Users/drewcoll/Sites/cms.coenv.uw.dev/wp-content/themes/coenv-smea/node_modules/.staging/commander-3b2cc3a8/node_modules
1160 silly gunzTarPerm extractEntry libsass/Readme.md
1161 silly gunzTarPerm extractEntry libsass/ast.cpp
1162 silly gunzTarPerm extractEntry lib/lexer.js
1163 silly gunzTarPerm extractEntry lib/nodes/attrs.js
1164 silly gunzTarPerm extractEntry lib/browser/progress.js
1165 silly gunzTarPerm extractEntry lib/browser/tty.js
1166 silly gunzTarPerm extractEntry libsass/ast.hpp
1167 silly gunzTarPerm extractEntry libsass/ast_def_macros.hpp
1168 silly gunzTarPerm extractEntry lib/nodes/code.js
1169 silly gunzTarPerm extractEntry lib/nodes/comment.js
1170 silly gunzTarPerm extractEntry lib/reporters/base.js
1171 silly gunzTarPerm extractEntry lib/reporters/json-cov.js
1172 silly gunzTarPerm extractEntry lib/nodes/doctype.js
1173 silly gunzTarPerm extractEntry lib/nodes/case.js
1174 silly gunzTarPerm extractEntry libsass/ast_factory.hpp
1175 silly gunzTarPerm extractEntry libsass/ast_fwd_decl.hpp
1176 silly gunzTarPerm extractEntry lib/reporters/json-stream.js
1177 silly gunzTarPerm extractEntry lib/reporters/json.js
1178 silly gunzTarPerm extractEntry lib/nodes/filter.js
1179 silly gunzTarPerm extractEntry lib/nodes/index.js
1180 silly gunzTarPerm extractEntry libsass/backtrace.hpp
1181 silly gunzTarPerm extractEntry libsass/bind.cpp
1182 silly gunzTarPerm extractEntry lib/reporters/index.js
1183 silly gunzTarPerm extractEntry lib/reporters/doc.js
1184 silly gunzTarPerm extractEntry lib/nodes/literal.js
1185 silly gunzTarPerm extractEntry lib/nodes/mixin.js
1186 silly gunzTarPerm extractEntry libsass/bind.hpp
1187 silly gunzTarPerm extractEntry libsass/color_names.hpp
1188 silly gunzTarPerm extractEntry lib/reporters/markdown.js
1189 silly gunzTarPerm extractEntry lib/reporters/min.js
1190 silly gunzTarPerm extractEntry lib/nodes/node.js
1191 silly gunzTarPerm extractEntry lib/nodes/block.js
1192 silly gunzTarPerm extractEntry libsass/config.guess
1193 silly gunzTarPerm extractEntry libsass/config.sub
1194 silly gunzTarPerm extractEntry lib/reporters/nyan.js
1195 silly gunzTarPerm extractEntry lib/reporters/progress.js
1196 silly gunzTarPerm extractEntry lib/nodes/tag.js
1197 silly gunzTarPerm extractEntry lib/nodes/block-comment.js
1198 silly gunzTarPerm extractEntry libsass/configure.ac
1199 silly gunzTarPerm extractEntry libsass/constants.cpp
1200 silly gunzTarPerm extractEntry lib/reporters/html.js
1201 silly gunzTarPerm extractEntry lib/reporters/spec.js
1202 silly gunzTarPerm extractEntry lib/nodes/text.js
1203 silly gunzTarPerm extractEntry lib/nodes/each.js
1204 silly gunzTarPerm extractEntry libsass/constants.hpp
1205 silly gunzTarPerm extractEntry libsass/context.cpp
1206 silly gunzTarPerm extractEntry lib/reporters/html-cov.js
1207 silly gunzTarPerm extractEntry lib/reporters/tap.js
1208 silly gunzTarPerm extractEntry libsass/context.hpp
1209 silly gunzTarPerm extractEntry libsass/contextualize.cpp
1210 silly gentlyRm /Users/drewcoll/Sites/cms.coenv.uw.dev/wp-content/themes/coenv-smea/node_modules/.staging/minimist-0b250004/node_modules is being purged
1211 verbose gentlyRm don't care about contents; nuking /Users/drewcoll/Sites/cms.coenv.uw.dev/wp-content/themes/coenv-smea/node_modules/.staging/minimist-0b250004/node_modules
1212 silly gunzTarPerm extractEntry lib/reporters/dot.js
1213 silly gunzTarPerm extractEntry lib/reporters/teamcity.js
1214 silly gunzTarPerm extractEntry libsass/contextualize.hpp
1215 silly gunzTarPerm extractEntry libsass/copy_c_str.cpp
1216 silly gunzTarPerm extractEntry lib/reporters/landing.js
1217 silly gunzTarPerm extractEntry lib/reporters/xunit.js
1218 silly gunzTarPerm extractEntry libsass/copy_c_str.hpp
1219 silly gunzTarPerm extractEntry libsass/depcomp
1220 silly gunzTarPerm extractEntry lib/reporters/list.js
1221 silly gunzTarPerm extractEntry lib/reporters/templates/coverage.jade
1222 silly gunzTarPerm extractEntry libsass/environment.hpp
1223 silly gentlyRm /Users/drewcoll/Sites/cms.coenv.uw.dev/wp-content/themes/coenv-smea/node_modules/.staging/mkdirp-5ebc32b2/node_modules is being purged
1224 verbose gentlyRm don't care about contents; nuking /Users/drewcoll/Sites/cms.coenv.uw.dev/wp-content/themes/coenv-smea/node_modules/.staging/mkdirp-5ebc32b2/node_modules
1225 silly gunzTarPerm extractEntry lib/reporters/templates/menu.jade
1226 silly gunzTarPerm extractEntry lib/reporters/templates/script.html
1227 silly gentlyRm /Users/drewcoll/Sites/cms.coenv.uw.dev/wp-content/themes/coenv-smea/node_modules/.staging/mkdirp-582ffe7d/node_modules is being purged
1228 verbose gentlyRm don't care about contents; nuking /Users/drewcoll/Sites/cms.coenv.uw.dev/wp-content/themes/coenv-smea/node_modules/.staging/mkdirp-582ffe7d/node_modules
1229 silly gentlyRm /Users/drewcoll/Sites/cms.coenv.uw.dev/wp-content/themes/coenv-smea/node_modules/.staging/mkdirp-6a239798/node_modules is being purged
1230 verbose gentlyRm don't care about contents; nuking /Users/drewcoll/Sites/cms.coenv.uw.dev/wp-content/themes/coenv-smea/node_modules/.staging/mkdirp-6a239798/node_modules
1231 silly gentlyRm /Users/drewcoll/Sites/cms.coenv.uw.dev/wp-content/themes/coenv-smea/node_modules/.staging/glob-6f9ecb7d/node_modules is being purged
1232 verbose gentlyRm don't care about contents; nuking /Users/drewcoll/Sites/cms.coenv.uw.dev/wp-content/themes/coenv-smea/node_modules/.staging/glob-6f9ecb7d/node_modules
1233 silly gunzTarPerm extractEntry libsass/error_handling.cpp
1234 silly gunzTarPerm extractEntry libsass/error_handling.hpp
1235 silly gunzTarPerm extractEntry libsass/eval.cpp
1236 silly gunzTarPerm extractEntry libsass/eval.hpp
1237 silly gunzTarPerm extractEntry libsass/expand.cpp
1238 silly gunzTarPerm extractEntry lib/reporters/templates/style.html
1239 silly gunzTarPerm extractEntry mocha.css
1240 silly gunzTarPerm extractEntry Readme.md
1241 silly gunzTarPerm extractEntry libsass/expand.hpp
1242 silly gunzTarPerm extractEntry libsass/extconf.rb
1243 silly gunzTarPerm extractEntry libsass/extend.cpp
1244 silly gunzTarPerm extractEntry libsass/COPYING
1245 silly gunzTarPerm extractEntry libsass/file.cpp
1246 silly gunzTarPerm extractEntry libsass/file.hpp
1247 silly gunzTarPerm extractEntry libsass/functions.cpp
1248 silly gunzTarPerm extractEntry libsass/functions.hpp
1249 silly gunzTarPerm extractEntry libsass/inspect.cpp
1250 silly gunzTarPerm extractEntry libsass/inspect.hpp
1251 silly gunzTarPerm extractEntry libsass/install-sh
1252 silly gunzTarPerm extractEntry libsass/kwd_arg_macros.hpp
1253 silly gunzTarPerm extractEntry libsass/ltmain.sh
1254 silly gunzTarPerm extractEntry libsass/m4/libtool.m4
1255 silly gentlyRm /Users/drewcoll/Sites/cms.coenv.uw.dev/wp-content/themes/coenv-smea/node_modules/.staging/optimist-2d5d88d3/node_modules is being purged
1256 verbose gentlyRm don't care about contents; nuking /Users/drewcoll/Sites/cms.coenv.uw.dev/wp-content/themes/coenv-smea/node_modules/.staging/optimist-2d5d88d3/node_modules
1257 silly gunzTarPerm extractEntry libsass/m4/ltoptions.m4
1258 silly gunzTarPerm extractEntry libsass/m4/ltsugar.m4
1259 silly gunzTarPerm extractEntry libsass/m4/ltversion.m4
1260 silly gunzTarPerm extractEntry libsass/m4/lt~obsolete.m4
1261 silly gunzTarPerm extractEntry libsass/memory_manager.hpp
1262 silly gunzTarPerm extractEntry libsass/missing
1263 silly gunzTarPerm extractEntry libsass/old/functions.hpp
1264 silly gunzTarPerm extractEntry libsass/old/ast_node.hpp
1265 silly gunzTarPerm extractEntry libsass/old/color_names.hpp
1266 silly gunzTarPerm extractEntry libsass/old/constants.cpp
1267 silly gunzTarPerm extractEntry libsass/old/constants.hpp
1268 silly gunzTarPerm extractEntry libsass/old/context.cpp
1269 silly gunzTarPerm extractEntry libsass/old/context.hpp
1270 silly gunzTarPerm extractEntry libsass/old/document.cpp
1271 silly gunzTarPerm extractEntry libsass/old/document.hpp
1272 silly gunzTarPerm extractEntry libsass/old/document_parser.cpp
1273 silly gunzTarPerm extractEntry libsass/old/environment.hpp
1274 silly gunzTarPerm extractEntry libsass/old/error.hpp
1275 silly gunzTarPerm extractEntry libsass/old/eval_apply.cpp
1276 silly gunzTarPerm extractEntry libsass/old/eval_apply.hpp
1277 silly gunzTarPerm extractEntry libsass/old/functions.cpp
1278 silly gunzTarPerm extractEntry libsass/old/backtrace.hpp
1279 silly gunzTarPerm extractEntry libsass/old/node.cpp
1280 silly gunzTarPerm extractEntry libsass/old/node.hpp
1281 silly gunzTarPerm extractEntry libsass/old/node_emitters.cpp
1282 silly gunzTarPerm extractEntry libsass/old/node_factory.cpp
1283 silly gunzTarPerm extractEntry libsass/old/node_factory.hpp
1284 silly gunzTarPerm extractEntry libsass/old/prelexer.cpp
1285 silly gunzTarPerm extractEntry libsass/old/prelexer.hpp
1286 silly gentlyRm /Users/drewcoll/Sites/cms.coenv.uw.dev/wp-content/themes/coenv-smea/node_modules/.staging/jade-06e4749f/node_modules is being purged
1287 verbose gentlyRm don't care about contents; nuking /Users/drewcoll/Sites/cms.coenv.uw.dev/wp-content/themes/coenv-smea/node_modules/.staging/jade-06e4749f/node_modules
1288 silly gunzTarPerm extractEntry libsass/old/sass_interface.cpp
1289 silly gunzTarPerm extractEntry libsass/old/sass_interface.h
1290 silly gunzTarPerm extractEntry libsass/old/sass_values.cpp
1291 silly gunzTarPerm extractEntry libsass/old/sass_values.h
1292 silly gunzTarPerm extractEntry libsass/old/selector.cpp
1293 silly gunzTarPerm extractEntry libsass/old/selector.hpp
1294 silly gunzTarPerm extractEntry libsass/old/test_node_factory.cpp
1295 silly gunzTarPerm extractEntry libsass/operation.hpp
1296 silly gunzTarPerm extractEntry libsass/output_compressed.cpp
1297 silly gunzTarPerm extractEntry libsass/output_compressed.hpp
1298 silly gunzTarPerm extractEntry libsass/output_nested.cpp
1299 silly gunzTarPerm extractEntry libsass/output_nested.hpp
1300 silly gunzTarPerm extractEntry libsass/parser.cpp
1301 silly gunzTarPerm extractEntry libsass/parser.hpp
1302 silly gunzTarPerm extractEntry libsass/prelexer.cpp
1303 silly gunzTarPerm extractEntry libsass/prelexer.hpp
1304 silly gunzTarPerm extractEntry libsass/sass-spec/README.md
1305 silly gunzTarPerm extractEntry libsass/sass-spec/helper1.rb
1306 silly gunzTarPerm extractEntry libsass/sass-spec/run.rb
1307 silly gunzTarPerm extractEntry libsass/sass-spec/spec/basic/16_hex_arithmetic/expected_output.css
1308 silly gunzTarPerm extractEntry libsass/sass-spec/spec/basic/16_hex_arithmetic/input.scss
1309 silly gunzTarPerm extractEntry libsass/sass-spec/spec/basic/00_empty/expected_output.css
1310 silly gunzTarPerm extractEntry libsass/sass-spec/spec/basic/00_empty/input.scss
1311 silly gunzTarPerm extractEntry libsass/sass-spec/spec/basic/02_simple_nesting/expected_output.css
1312 silly gunzTarPerm extractEntry libsass/sass-spec/spec/basic/02_simple_nesting/input.scss
1313 silly gunzTarPerm extractEntry libsass/sass-spec/spec/basic/03_simple_variable/expected_output.css
1314 silly gunzTarPerm extractEntry libsass/sass-spec/spec/basic/03_simple_variable/input.scss
1315 silly gunzTarPerm extractEntry libsass/sass-spec/spec/basic/04_basic_variables/expected_output.css
1316 silly gunzTarPerm extractEntry libsass/sass-spec/spec/basic/04_basic_variables/input.scss
1317 silly gentlyRm /Users/drewcoll/Sites/cms.coenv.uw.dev/wp-content/themes/coenv-smea/node_modules/.staging/mocha-18aa56eb/node_modules is being purged
1318 verbose gentlyRm don't care about contents; nuking /Users/drewcoll/Sites/cms.coenv.uw.dev/wp-content/themes/coenv-smea/node_modules/.staging/mocha-18aa56eb/node_modules
1319 silly gunzTarPerm extractEntry libsass/sass-spec/spec/basic/05_empty_levels/expected_output.css
1320 silly gunzTarPerm extractEntry libsass/sass-spec/spec/basic/05_empty_levels/input.scss
1321 silly gunzTarPerm extractEntry libsass/sass-spec/spec/basic/06_nesting_and_comments/expected_output.css
1322 silly gunzTarPerm extractEntry libsass/sass-spec/spec/basic/06_nesting_and_comments/input.scss
1323 silly gunzTarPerm extractEntry libsass/sass-spec/spec/basic/07_nested_simple_selector_groups/expected_output.css
1324 silly gunzTarPerm extractEntry libsass/sass-spec/spec/basic/07_nested_simple_selector_groups/input.scss
1325 silly gunzTarPerm extractEntry libsass/sass-spec/spec/basic/08_selector_combinators/expected_output.css
1326 silly gunzTarPerm extractEntry libsass/sass-spec/spec/basic/08_selector_combinators/input.scss
1327 silly gunzTarPerm extractEntry libsass/sass-spec/spec/basic/09_selector_groups_and_combinators/expected_output.css
1328 silly gunzTarPerm extractEntry libsass/sass-spec/spec/basic/09_selector_groups_and_combinators/input.scss
1329 silly gunzTarPerm extractEntry libsass/sass-spec/spec/basic/10_classes_and_ids/expected_output.css
1330 silly gunzTarPerm extractEntry libsass/sass-spec/spec/basic/10_classes_and_ids/input.scss
1331 silly gunzTarPerm extractEntry libsass/sass-spec/spec/basic/11_attribute_selectors/expected_output.css
1332 silly gunzTarPerm extractEntry libsass/sass-spec/spec/basic/11_attribute_selectors/input.scss
1333 silly gunzTarPerm extractEntry libsass/sass-spec/spec/basic/12_pseudo_classes_and_elements/expected_output.css
1334 silly gunzTarPerm extractEntry libsass/sass-spec/spec/basic/12_pseudo_classes_and_elements/input.scss
1335 silly gunzTarPerm extractEntry libsass/sass-spec/spec/basic/12_pseudo_classes_and_elements/notes.txt
1336 silly gunzTarPerm extractEntry libsass/sass-spec/spec/basic/13_back_references/expected_output.css
1337 silly gunzTarPerm extractEntry libsass/sass-spec/spec/basic/13_back_references/input.scss
1338 silly gunzTarPerm extractEntry libsass/sass-spec/spec/basic/14_imports/a.scss
1339 silly gunzTarPerm extractEntry libsass/sass-spec/spec/basic/14_imports/b.scss
1340 silly gunzTarPerm extractEntry libsass/sass-spec/spec/basic/14_imports/d.scss
1341 silly gunzTarPerm extractEntry libsass/sass-spec/spec/basic/14_imports/expected_output.css
1342 silly gunzTarPerm extractEntry libsass/sass-spec/spec/basic/14_imports/input.scss
1343 silly gunzTarPerm extractEntry libsass/sass-spec/spec/basic/14_imports/sub/c.scss
1344 silly gunzTarPerm extractEntry libsass/sass-spec/spec/basic/15_arithmetic_and_lists/expected_output.css
1345 silly gunzTarPerm extractEntry libsass/sass-spec/spec/basic/15_arithmetic_and_lists/input.scss
1346 silly gunzTarPerm extractEntry libsass/sass-spec/spec/basic/01_simple_css/expected_output.css
1347 silly gunzTarPerm extractEntry libsass/sass-spec/spec/basic/01_simple_css/input.scss
1348 silly gunzTarPerm extractEntry libsass/sass-spec/spec/basic/17_basic_mixins/expected_output.css
1349 silly gunzTarPerm extractEntry libsass/sass-spec/spec/basic/17_basic_mixins/input.scss
1350 silly gunzTarPerm extractEntry libsass/sass-spec/spec/basic/18_mixin_scope/expected_output.css
1351 silly gunzTarPerm extractEntry libsass/sass-spec/spec/basic/18_mixin_scope/input.scss
1352 silly gunzTarPerm extractEntry libsass/sass-spec/spec/basic/19_full_mixin_craziness/expected_output.css
1353 silly gunzTarPerm extractEntry libsass/sass-spec/spec/basic/19_full_mixin_craziness/input.scss
1354 silly gunzTarPerm extractEntry libsass/sass-spec/spec/basic/20_scoped_variables/expected_output.css
1355 silly gunzTarPerm extractEntry libsass/sass-spec/spec/basic/20_scoped_variables/input.scss
1356 silly gunzTarPerm extractEntry libsass/sass-spec/spec/basic/21_one_builtin_function/expected_output.css
1357 silly gunzTarPerm extractEntry libsass/sass-spec/spec/basic/21_one_builtin_function/input.scss
1358 silly gunzTarPerm extractEntry libsass/sass-spec/spec/basic/22_colors_with_alpha/expected_output.css
1359 silly gunzTarPerm extractEntry libsass/sass-spec/spec/basic/22_colors_with_alpha/input.scss
1360 silly gunzTarPerm extractEntry libsass/sass-spec/spec/basic/23_basic_value_interpolation/expected_output.css
1361 silly gunzTarPerm extractEntry libsass/sass-spec/spec/basic/23_basic_value_interpolation/input.scss
1362 silly gunzTarPerm extractEntry libsass/sass-spec/spec/basic/24_namespace_properties/expected_output.css
1363 silly gunzTarPerm extractEntry libsass/sass-spec/spec/basic/24_namespace_properties/input.scss
1364 silly gunzTarPerm extractEntry libsass/sass-spec/spec/basic/25_basic_string_interpolation/expected_output.css
1365 silly gunzTarPerm extractEntry libsass/sass-spec/spec/basic/25_basic_string_interpolation/input.scss
1366 silly gunzTarPerm extractEntry libsass/sass-spec/spec/basic/26_selector_interpolation/expected_output.css
1367 silly gunzTarPerm extractEntry libsass/sass-spec/spec/basic/26_selector_interpolation/input.scss
1368 silly gunzTarPerm extractEntry libsass/sass-spec/spec/basic/27_media_queries/expected_output.css
1369 silly gunzTarPerm extractEntry libsass/sass-spec/spec/basic/27_media_queries/input.scss
1370 silly gunzTarPerm extractEntry libsass/sass-spec/spec/basic/28_url/expected_output.css
1371 silly gunzTarPerm extractEntry libsass/sass-spec/spec/basic/28_url/input.scss
1372 silly gunzTarPerm extractEntry libsass/sass-spec/spec/basic/29_if/expected_output.css
1373 silly gunzTarPerm extractEntry libsass/sass-spec/spec/basic/29_if/input.scss
1374 silly gunzTarPerm extractEntry libsass/sass-spec/spec/basic/30_if_in_function/expected_output.css
1375 silly gunzTarPerm extractEntry libsass/sass-spec/spec/basic/30_if_in_function/input.scss
1376 silly gunzTarPerm extractEntry libsass/sass-spec/spec/basic/31_if_in_mixin/expected_output.css
1377 silly gunzTarPerm extractEntry libsass/sass-spec/spec/basic/31_if_in_mixin/input.scss
1378 silly gunzTarPerm extractEntry libsass/sass-spec/spec/basic/32_percentages/expected_output.css
1379 silly gunzTarPerm extractEntry libsass/sass-spec/spec/basic/32_percentages/input.scss
1380 silly gunzTarPerm extractEntry libsass/sass-spec/spec/benchmarks/empty.scss
1381 silly gunzTarPerm extractEntry libsass/sass-spec/spec/benchmarks/large_empty.scss
1382 silly gunzTarPerm extractEntry libsass/sass-spec/spec/bourbon/expected_output.css
1383 silly gunzTarPerm extractEntry libsass/sass-spec/spec/bourbon/input.scss
1384 silly gunzTarPerm extractEntry libsass/sass-spec/spec/bourbon/lib/_bourbon-deprecated-upcoming.scss
1385 silly gunzTarPerm extractEntry libsass/sass-spec/spec/bourbon/lib/_bourbon.scss
1386 silly gunzTarPerm extractEntry libsass/sass-spec/spec/bourbon/lib/addons/_position.scss
1387 silly gunzTarPerm extractEntry libsass/sass-spec/spec/bourbon/lib/addons/_button.scss
1388 silly gunzTarPerm extractEntry libsass/sass-spec/spec/bourbon/lib/addons/_font-family.scss
1389 silly gunzTarPerm extractEntry libsass/sass-spec/spec/bourbon/lib/addons/_hide-text.scss
1390 silly gunzTarPerm extractEntry libsass/sass-spec/spec/bourbon/lib/addons/_html5-input-types.scss
1391 silly gunzTarPerm extractEntry libsass/sass-spec/spec/bourbon/lib/addons/_clearfix.scss
1392 silly gunzTarPerm extractEntry libsass/sass-spec/spec/bourbon/lib/addons/_prefixer.scss
1393 silly gunzTarPerm extractEntry libsass/sass-spec/spec/bourbon/lib/addons/_retina-image.scss
1394 silly gunzTarPerm extractEntry libsass/sass-spec/spec/bourbon/lib/addons/_size.scss
1395 silly gunzTarPerm extractEntry libsass/sass-spec/spec/bourbon/lib/addons/_timing-functions.scss
1396 silly gunzTarPerm extractEntry libsass/sass-spec/spec/bourbon/lib/addons/_triangle.scss
1397 silly gunzTarPerm extractEntry libsass/sass-spec/spec/bourbon/lib/css3/_hidpi-media-query.scss
1398 silly gunzTarPerm extractEntry libsass/sass-spec/spec/bourbon/lib/css3/_animation.scss
1399 silly gunzTarPerm extractEntry libsass/sass-spec/spec/bourbon/lib/css3/_backface-visibility.scss
1400 silly gunzTarPerm extractEntry libsass/sass-spec/spec/bourbon/lib/css3/_background-image.scss
1401 silly gunzTarPerm extractEntry libsass/sass-spec/spec/bourbon/lib/css3/_background.scss
1402 silly gunzTarPerm extractEntry libsass/sass-spec/spec/bourbon/lib/css3/_border-image.scss
1403 silly gunzTarPerm extractEntry libsass/sass-spec/spec/bourbon/lib/css3/_border-radius.scss
1404 silly gunzTarPerm extractEntry libsass/sass-spec/spec/bourbon/lib/css3/_box-sizing.scss
1405 silly gunzTarPerm extractEntry libsass/sass-spec/spec/bourbon/lib/css3/_columns.scss
1406 silly gunzTarPerm extractEntry libsass/sass-spec/spec/bourbon/lib/css3/_flex-box.scss
1407 silly gunzTarPerm extractEntry libsass/sass-spec/spec/bourbon/lib/css3/_font-face.scss
1408 silly gunzTarPerm extractEntry libsass/sass-spec/spec/bourbon/lib/css3/_appearance.scss
1409 silly gunzTarPerm extractEntry libsass/sass-spec/spec/bourbon/lib/css3/_image-rendering.scss
1410 silly gunzTarPerm extractEntry libsass/sass-spec/spec/bourbon/lib/css3/_inline-block.scss
1411 silly gunzTarPerm extractEntry libsass/sass-spec/spec/bourbon/lib/css3/_keyframes.scss
1412 silly gunzTarPerm extractEntry libsass/sass-spec/spec/bourbon/lib/css3/_linear-gradient.scss
1413 silly gunzTarPerm extractEntry libsass/sass-spec/spec/bourbon/lib/css3/_perspective.scss
1414 silly gunzTarPerm extractEntry libsass/sass-spec/spec/bourbon/lib/css3/_placeholder.scss
1415 silly gunzTarPerm extractEntry libsass/sass-spec/spec/bourbon/lib/css3/_radial-gradient.scss
1416 silly gunzTarPerm extractEntry libsass/sass-spec/spec/bourbon/lib/css3/_transform.scss
1417 silly gunzTarPerm extractEntry libsass/sass-spec/spec/bourbon/lib/css3/_transition.scss
1418 silly gunzTarPerm extractEntry libsass/sass-spec/spec/bourbon/lib/css3/_user-select.scss
1419 silly gunzTarPerm extractEntry libsass/sass-spec/spec/bourbon/lib/functions/_compact.scss
1420 silly gunzTarPerm extractEntry libsass/sass-spec/spec/bourbon/lib/functions/_flex-grid.scss
1421 silly gunzTarPerm extractEntry libsass/sass-spec/spec/bourbon/lib/functions/_grid-width.scss
1422 silly gunzTarPerm extractEntry libsass/sass-spec/spec/bourbon/lib/functions/_linear-gradient.scss
1423 silly gunzTarPerm extractEntry libsass/sass-spec/spec/bourbon/lib/functions/_modular-scale.scss
1424 silly gunzTarPerm extractEntry libsass/sass-spec/spec/bourbon/lib/functions/_px-to-em.scss
1425 silly gunzTarPerm extractEntry libsass/sass-spec/spec/bourbon/lib/functions/_radial-gradient.scss
1426 silly gunzTarPerm extractEntry libsass/sass-spec/spec/bourbon/lib/functions/_tint-shade.scss
1427 silly gunzTarPerm extractEntry libsass/sass-spec/spec/bourbon/lib/functions/_transition-property-name.scss
1428 silly gunzTarPerm extractEntry libsass/sass-spec/spec/bourbon/lib/helpers/_deprecated-webkit-gradient.scss
1429 silly gunzTarPerm extractEntry libsass/sass-spec/spec/bourbon/lib/helpers/_gradient-positions-parser.scss
1430 silly gunzTarPerm extractEntry libsass/sass-spec/spec/bourbon/lib/helpers/_linear-positions-parser.scss
1431 silly gunzTarPerm extractEntry libsass/sass-spec/spec/bourbon/lib/helpers/_radial-arg-parser.scss
1432 silly gunzTarPerm extractEntry libsass/sass-spec/spec/bourbon/lib/helpers/_radial-positions-parser.scss
1433 silly gunzTarPerm extractEntry libsass/sass-spec/spec/bourbon/lib/helpers/_render-gradients.scss
1434 silly gunzTarPerm extractEntry libsass/sass-spec/spec/bourbon/lib/helpers/_shape-size-stripper.scss
1435 silly gunzTarPerm extractEntry libsass/sass-spec/spec/getopt/expected_output.css
1436 silly gunzTarPerm extractEntry libsass/sass-spec/spec/getopt/inc/_foo.scss
1437 silly gunzTarPerm extractEntry libsass/sass-spec/spec/getopt/input.scss
1438 silly gunzTarPerm extractEntry libsass/sass-spec/spec/libsass/important/expected_output.css
1439 silly gunzTarPerm extractEntry libsass/sass-spec/spec/libsass/important/input.scss
1440 silly gunzTarPerm extractEntry libsass/sass-spec/spec/libsass/alpha/expected_output.css
1441 silly gunzTarPerm extractEntry libsass/sass-spec/spec/libsass/alpha/input.scss
1442 silly gunzTarPerm extractEntry libsass/sass-spec/spec/libsass/arg-eval/expected_output.css
1443 silly gunzTarPerm extractEntry libsass/sass-spec/spec/libsass/arg-eval/input.scss
1444 silly gunzTarPerm extractEntry libsass/sass-spec/spec/libsass/arglist/expected_output.css
1445 silly gunzTarPerm extractEntry libsass/sass-spec/spec/libsass/arglist/input.scss
1446 silly gunzTarPerm extractEntry libsass/sass-spec/spec/libsass/arithmetic/expected_output.css
1447 silly gunzTarPerm extractEntry libsass/sass-spec/spec/libsass/arithmetic/input.scss
1448 silly gunzTarPerm extractEntry libsass/sass-spec/spec/libsass/at-stuff/expected_output.css
1449 silly gunzTarPerm extractEntry libsass/sass-spec/spec/libsass/at-stuff/input.scss
1450 silly gunzTarPerm extractEntry libsass/sass-spec/spec/libsass/backrefs-in-selector-groups/expected_output.css
1451 silly gunzTarPerm extractEntry libsass/sass-spec/spec/libsass/backrefs-in-selector-groups/input.scss
1452 silly gunzTarPerm extractEntry libsass/sass-spec/spec/libsass/backslash/expected_output.css
1453 silly gunzTarPerm extractEntry libsass/sass-spec/spec/libsass/backslash/input.scss
1454 silly gunzTarPerm extractEntry libsass/sass-spec/spec/libsass/blimp/expected_output.css
1455 silly gunzTarPerm extractEntry libsass/sass-spec/spec/libsass/blimp/input.scss
1456 silly gunzTarPerm extractEntry libsass/sass-spec/spec/libsass/bool/expected_output.css
1457 silly gunzTarPerm extractEntry libsass/sass-spec/spec/libsass/bool/input.scss
1458 silly gunzTarPerm extractEntry libsass/sass-spec/spec/libsass/calc/expected_output.css
1459 silly gunzTarPerm extractEntry libsass/sass-spec/spec/libsass/calc/input.scss
1460 silly gunzTarPerm extractEntry libsass/sass-spec/spec/libsass/cfunc/expected_output.css
1461 silly gunzTarPerm extractEntry libsass/sass-spec/spec/libsass/cfunc/input.scss
1462 silly gunzTarPerm extractEntry libsass/sass-spec/spec/libsass/classes-and-ids/expected_output.css
1463 silly gunzTarPerm extractEntry libsass/sass-spec/spec/libsass/classes-and-ids/input.scss
1464 silly gunzTarPerm extractEntry libsass/sass-spec/spec/libsass/color-names/expected_output.css
1465 silly gunzTarPerm extractEntry libsass/sass-spec/spec/libsass/color-names/input.scss
1466 silly gunzTarPerm extractEntry libsass/sass-spec/spec/libsass/colors/expected_output.css
1467 silly gunzTarPerm extractEntry libsass/sass-spec/spec/libsass/colors/input.scss
1468 silly gunzTarPerm extractEntry libsass/sass-spec/spec/libsass/compact/expected_output.css
1469 silly gunzTarPerm extractEntry libsass/sass-spec/spec/libsass/compact/input.scss
1470 silly gunzTarPerm extractEntry libsass/sass-spec/spec/libsass/comparable/expected_output.css
1471 silly gunzTarPerm extractEntry libsass/sass-spec/spec/libsass/comparable/input.scss
1472 silly gunzTarPerm extractEntry libsass/sass-spec/spec/libsass/composed-args/expected_output.css
1473 silly gunzTarPerm extractEntry libsass/sass-spec/spec/libsass/composed-args/input.scss
1474 silly gunzTarPerm extractEntry libsass/sass-spec/spec/libsass/concat/expected_output.css
1475 silly gunzTarPerm extractEntry libsass/sass-spec/spec/libsass/concat/input.scss
1476 silly gunzTarPerm extractEntry libsass/sass-spec/spec/libsass/cons-up/expected_output.css
1477 silly gunzTarPerm extractEntry libsass/sass-spec/spec/libsass/cons-up/input.scss
1478 silly gunzTarPerm extractEntry libsass/sass-spec/spec/libsass/conversions/expected_output.css
1479 silly gunzTarPerm extractEntry libsass/sass-spec/spec/libsass/conversions/input.scss
1480 silly gunzTarPerm extractEntry libsass/sass-spec/spec/libsass/css-import/expected_output.css
1481 silly gunzTarPerm extractEntry libsass/sass-spec/spec/libsass/css-import/input.scss
1482 silly gunzTarPerm extractEntry libsass/sass-spec/spec/libsass/default-args/expected_output.css
1483 silly gunzTarPerm extractEntry libsass/sass-spec/spec/libsass/default-args/input.scss
1484 silly gunzTarPerm extractEntry libsass/sass-spec/spec/libsass/default-parameters/expected_output.css
1485 silly gunzTarPerm extractEntry libsass/sass-spec/spec/libsass/default-parameters/input.scss
1486 silly gunzTarPerm extractEntry libsass/sass-spec/spec/libsass/default-vars-in-default-params/expected_output.css
1487 silly gunzTarPerm extractEntry libsass/sass-spec/spec/libsass/default-vars-in-default-params/input.scss
1488 silly gunzTarPerm extractEntry libsass/sass-spec/spec/libsass/delayed/expected_output.css
1489 silly gunzTarPerm extractEntry libsass/sass-spec/spec/libsass/delayed/input.scss
1490 silly gunzTarPerm extractEntry libsass/sass-spec/spec/libsass/directives/expected_output.css
1491 silly gunzTarPerm extractEntry libsass/sass-spec/spec/libsass/directives/input.scss
1492 silly gunzTarPerm extractEntry libsass/sass-spec/spec/libsass/directives-in-propsets/expected_output.css
1493 silly gunzTarPerm extractEntry libsass/sass-spec/spec/libsass/directives-in-propsets/input.scss
1494 silly gunzTarPerm extractEntry libsass/sass-spec/spec/libsass/div/expected_output.css
1495 silly gunzTarPerm extractEntry libsass/sass-spec/spec/libsass/div/input.scss
1496 silly gunzTarPerm extractEntry libsass/sass-spec/spec/libsass/each/expected_output.css
1497 silly gunzTarPerm extractEntry libsass/sass-spec/spec/libsass/each/input.scss
1498 silly gunzTarPerm extractEntry libsass/sass-spec/spec/libsass/each-in-function/expected_output.css
1499 silly gunzTarPerm extractEntry libsass/sass-spec/spec/libsass/each-in-function/input.scss
1500 silly gunzTarPerm extractEntry libsass/sass-spec/spec/libsass/env/expected_output.css
1501 silly gunzTarPerm extractEntry libsass/sass-spec/spec/libsass/env/input.scss
1502 silly gunzTarPerm extractEntry libsass/sass-spec/spec/libsass/eq/expected_output.css
1503 silly gunzTarPerm extractEntry libsass/sass-spec/spec/libsass/eq/input.scss
1504 silly gunzTarPerm extractEntry libsass/sass-spec/spec/libsass/extend/expected_output.css
1505 silly gunzTarPerm extractEntry libsass/sass-spec/spec/libsass/extend/input.scss
1506 silly gunzTarPerm extractEntry libsass/sass-spec/spec/libsass/for/expected_output.css
1507 silly gunzTarPerm extractEntry libsass/sass-spec/spec/libsass/for/input.scss
1508 silly gunzTarPerm extractEntry libsass/sass-spec/spec/libsass/for-in-functions/expected_output.css
1509 silly gunzTarPerm extractEntry libsass/sass-spec/spec/libsass/for-in-functions/input.scss
1510 silly gunzTarPerm extractEntry libsass/sass-spec/spec/libsass/function-names/expected_output.css
1511 silly gunzTarPerm extractEntry libsass/sass-spec/spec/libsass/function-names/input.scss
1512 silly gunzTarPerm extractEntry libsass/sass-spec/spec/libsass/functions/expected_output.css
1513 silly gunzTarPerm extractEntry libsass/sass-spec/spec/libsass/functions/input.scss
1514 silly gunzTarPerm extractEntry libsass/sass-spec/spec/libsass/functions-and-mixins/expected_output.css
1515 silly gunzTarPerm extractEntry libsass/sass-spec/spec/libsass/functions-and-mixins/input.scss
1516 silly gunzTarPerm extractEntry libsass/sass-spec/spec/libsass/hey1/expected_output.css
1517 silly gunzTarPerm extractEntry libsass/sass-spec/spec/libsass/hey1/input.scss
1518 silly gunzTarPerm extractEntry libsass/sass-spec/spec/libsass/hey2/expected_output.css
1519 silly gunzTarPerm extractEntry libsass/sass-spec/spec/libsass/hey2/input.scss
1520 silly gunzTarPerm extractEntry libsass/sass-spec/spec/libsass/huge/expected_output.css
1521 silly gunzTarPerm extractEntry libsass/sass-spec/spec/libsass/huge/input.scss
1522 silly gunzTarPerm extractEntry libsass/sass-spec/spec/libsass/hyphen-interpolated/expected_output.css
1523 silly gunzTarPerm extractEntry libsass/sass-spec/spec/libsass/hyphen-interpolated/input.scss
1524 silly gunzTarPerm extractEntry libsass/sass-spec/spec/libsass/ie-backslash/expected_output.css
1525 silly gunzTarPerm extractEntry libsass/sass-spec/spec/libsass/ie-backslash/input.scss
1526 silly gunzTarPerm extractEntry libsass/sass-spec/spec/libsass/ie-functions/expected_output.css
1527 silly gunzTarPerm extractEntry libsass/sass-spec/spec/libsass/ie-functions/input.scss
1528 silly gunzTarPerm extractEntry libsass/sass-spec/spec/libsass/ie-hex-str/expected_output.css
1529 silly gunzTarPerm extractEntry libsass/sass-spec/spec/libsass/ie-hex-str/input.scss
1530 silly gunzTarPerm extractEntry libsass/sass-spec/spec/libsass/if/expected_output.css
1531 silly gunzTarPerm extractEntry libsass/sass-spec/spec/libsass/if/input.scss
1532 silly gunzTarPerm extractEntry libsass/sass-spec/spec/libsass/if-in-function/expected_output.css
1533 silly gunzTarPerm extractEntry libsass/sass-spec/spec/libsass/if-in-function/input.scss
1534 silly gunzTarPerm extractEntry libsass/sass-spec/spec/libsass/if-in-mixin/expected_output.css
1535 silly gunzTarPerm extractEntry libsass/sass-spec/spec/libsass/if-in-mixin/input.scss
1536 silly gunzTarPerm extractEntry libsass/sass-spec/spec/libsass/if-in-propset/expected_output.css
1537 silly gunzTarPerm extractEntry libsass/sass-spec/spec/libsass/if-in-propset/input.scss
1538 silly gunzTarPerm extractEntry libsass/sass-spec/spec/libsass/image-url/expected_output.css
1539 silly gunzTarPerm extractEntry libsass/sass-spec/spec/libsass/image-url/input.scss
1540 silly gunzTarPerm extractEntry libsass/sass-spec/spec/libsass/imp/expected_output.css
1541 silly gunzTarPerm extractEntry libsass/sass-spec/spec/libsass/imp/input.scss
1542 silly gunzTarPerm extractEntry libsass/sass-spec/spec/libsass/import/expected_output.css
1543 silly gunzTarPerm extractEntry libsass/sass-spec/spec/libsass/import/input.scss
1544 silly gunzTarPerm extractEntry libsass/sass-spec/spec/libsass/append/expected_output.css
1545 silly gunzTarPerm extractEntry libsass/sass-spec/spec/libsass/append/input.scss
1546 silly gunzTarPerm extractEntry libsass/sass-spec/spec/libsass/important-in-arglist/expected_output.css
1547 silly gunzTarPerm extractEntry libsass/sass-spec/spec/libsass/important-in-arglist/input.scss
1548 silly gunzTarPerm extractEntry libsass/sass-spec/spec/libsass/index/expected_output.css
1549 silly gunzTarPerm extractEntry libsass/sass-spec/spec/libsass/index/input.scss
1550 silly gunzTarPerm extractEntry libsass/sass-spec/spec/libsass/inh/expected_output.css
1551 silly gunzTarPerm extractEntry libsass/sass-spec/spec/libsass/inh/input.scss
1552 silly gunzTarPerm extractEntry libsass/sass-spec/spec/libsass/inheritance/expected_output.css
1553 silly gunzTarPerm extractEntry libsass/sass-spec/spec/libsass/inheritance/input.scss
1554 silly gunzTarPerm extractEntry libsass/sass-spec/spec/libsass/interpolated-function-call/expected_output.css
1555 silly gunzTarPerm extractEntry libsass/sass-spec/spec/libsass/interpolated-function-call/input.scss
1556 silly gunzTarPerm extractEntry libsass/sass-spec/spec/libsass/interpolated-selectors/expected_output.css
1557 silly gunzTarPerm extractEntry libsass/sass-spec/spec/libsass/interpolated-selectors/input.scss
1558 silly gunzTarPerm extractEntry libsass/sass-spec/spec/libsass/interpolated-strings/expected_output.css
1559 silly gunzTarPerm extractEntry libsass/sass-spec/spec/libsass/interpolated-strings/input.scss
1560 silly gunzTarPerm extractEntry libsass/sass-spec/spec/libsass/interpolated-urls/expected_output.css
1561 silly gunzTarPerm extractEntry libsass/sass-spec/spec/libsass/interpolated-urls/input.scss
1562 silly gunzTarPerm extractEntry libsass/sass-spec/spec/libsass/keyframes/expected_output.css
1563 silly gunzTarPerm extractEntry libsass/sass-spec/spec/libsass/keyframes/input.scss
1564 silly gunzTarPerm extractEntry libsass/sass-spec/spec/libsass/lang/expected_output.css
1565 silly gunzTarPerm extractEntry libsass/sass-spec/spec/libsass/lang/input.scss
1566 silly gunzTarPerm extractEntry libsass/sass-spec/spec/libsass/lang-bug/expected_output.css
1567 silly gunzTarPerm extractEntry libsass/sass-spec/spec/libsass/lang-bug/input.scss
1568 silly gunzTarPerm extractEntry libsass/sass-spec/spec/libsass/list-evaluation/expected_output.css
1569 silly gunzTarPerm extractEntry libsass/sass-spec/spec/libsass/list-evaluation/input.scss
1570 silly gunzTarPerm extractEntry libsass/sass-spec/spec/libsass/lists/expected_output.css
1571 silly gunzTarPerm extractEntry libsass/sass-spec/spec/libsass/lists/input.scss
1572 silly gunzTarPerm extractEntry libsass/sass-spec/spec/libsass/long-selector/expected_output.css
1573 silly gunzTarPerm extractEntry libsass/sass-spec/spec/libsass/long-selector/input.scss
1574 silly gunzTarPerm extractEntry libsass/sass-spec/spec/libsass/media/expected_output.css
1575 silly gunzTarPerm extractEntry libsass/sass-spec/spec/libsass/media/input.scss
1576 silly gunzTarPerm extractEntry libsass/sass-spec/spec/libsass/media-hoisting/expected_output.css
1577 silly gunzTarPerm extractEntry libsass/sass-spec/spec/libsass/media-hoisting/input.scss
1578 silly gunzTarPerm extractEntry libsass/sass-spec/spec/libsass/media-with-interpolation/expected_output.css
1579 silly gunzTarPerm extractEntry libsass/sass-spec/spec/libsass/media-with-interpolation/input.scss
1580 silly gunzTarPerm extractEntry libsass/sass-spec/spec/libsass/media2/expected_output.css
1581 silly gunzTarPerm extractEntry libsass/sass-spec/spec/libsass/media2/input.scss
1582 silly gunzTarPerm extractEntry libsass/sass-spec/spec/libsass/mixin/expected_output.css
1583 silly gunzTarPerm extractEntry libsass/sass-spec/spec/libsass/mixin/input.scss
1584 silly gunzTarPerm extractEntry libsass/sass-spec/spec/libsass/mixin-content/expected_output.css
1585 silly gunzTarPerm extractEntry libsass/sass-spec/spec/libsass/mixin-content/input.scss
1586 silly gunzTarPerm extractEntry libsass/sass-spec/spec/libsass/mixin-content-selectors/expected_output.css
1587 silly gunzTarPerm extractEntry libsass/sass-spec/spec/libsass/mixin-content-selectors/input.scss
1588 silly gunzTarPerm extractEntry libsass/sass-spec/spec/libsass/mixin-content-with-no-block/expected_output.css
1589 silly gunzTarPerm extractEntry libsass/sass-spec/spec/libsass/mixin-content-with-no-block/input.scss
1590 silly gunzTarPerm extractEntry libsass/sass-spec/spec/libsass/mixins-and-media-queries/expected_output.css
1591 silly gunzTarPerm extractEntry libsass/sass-spec/spec/libsass/mixins-and-media-queries/input.scss
1592 silly gunzTarPerm extractEntry libsass/sass-spec/spec/libsass/multi-blocks/expected_output.css
1593 silly gunzTarPerm extractEntry libsass/sass-spec/spec/libsass/multi-blocks/input.scss
1594 silly gunzTarPerm extractEntry libsass/sass-spec/spec/libsass/multiline-var/expected_output.css
1595 silly gunzTarPerm extractEntry libsass/sass-spec/spec/libsass/multiline-var/input.scss
1596 silly gunzTarPerm extractEntry libsass/sass-spec/spec/libsass/negation/expected_output.css
1597 silly gunzTarPerm extractEntry libsass/sass-spec/spec/libsass/negation/input.scss
1598 silly gunzTarPerm extractEntry libsass/sass-spec/spec/libsass/nested-extend/expected_output.css
1599 silly gunzTarPerm extractEntry libsass/sass-spec/spec/libsass/nested-extend/input.scss
1600 silly gunzTarPerm extractEntry libsass/sass-spec/spec/libsass/null/expected_output.css
1601 silly gunzTarPerm extractEntry libsass/sass-spec/spec/libsass/null/input.scss
1602 silly gunzTarPerm extractEntry libsass/sass-spec/spec/libsass/numbers/expected_output.css
1603 silly gunzTarPerm extractEntry libsass/sass-spec/spec/libsass/numbers/input.scss
1604 silly gunzTarPerm extractEntry libsass/sass-spec/spec/libsass/odd-selectors/expected_output.css
1605 silly gunzTarPerm extractEntry libsass/sass-spec/spec/libsass/odd-selectors/input.scss
1606 silly gunzTarPerm extractEntry libsass/sass-spec/spec/libsass/percentages/expected_output.css
1607 silly gunzTarPerm extractEntry libsass/sass-spec/spec/libsass/percentages/input.scss
1608 silly gunzTarPerm extractEntry libsass/sass-spec/spec/libsass/placeholder/expected_output.css
1609 silly gunzTarPerm extractEntry libsass/sass-spec/spec/libsass/placeholder/input.scss
1610 silly gunzTarPerm extractEntry libsass/sass-spec/spec/libsass/precision/expected_output.css
1611 silly gunzTarPerm extractEntry libsass/sass-spec/spec/libsass/precision/input.scss
1612 silly gunzTarPerm extractEntry libsass/sass-spec/spec/libsass/propsets/expected_output.css
1613 silly gunzTarPerm extractEntry libsass/sass-spec/spec/libsass/propsets/input.scss
1614 silly gunzTarPerm extractEntry libsass/sass-spec/spec/libsass/quotes-in-interpolated-strings/expected_output.css
1615 silly gunzTarPerm extractEntry libsass/sass-spec/spec/libsass/quotes-in-interpolated-strings/input.scss
1616 silly gunzTarPerm extractEntry libsass/sass-spec/spec/libsass/rel/expected_output.css
1617 silly gunzTarPerm extractEntry libsass/sass-spec/spec/libsass/rel/input.scss
1618 silly gunzTarPerm extractEntry libsass/sass-spec/spec/libsass/retina-image/expected_output.css
1619 silly gunzTarPerm extractEntry libsass/sass-spec/spec/libsass/retina-image/input.scss
1620 silly gunzTarPerm extractEntry libsass/sass-spec/spec/libsass/scale/expected_output.css
1621 silly gunzTarPerm extractEntry libsass/sass-spec/spec/libsass/scale/input.scss
1622 silly gunzTarPerm extractEntry libsass/sass-spec/spec/libsass/selectors/expected_output.css
1623 silly gunzTarPerm extractEntry libsass/sass-spec/spec/libsass/selectors/input.scss
1624 silly gunzTarPerm extractEntry libsass/sass-spec/spec/libsass/simple-inheritance/expected_output.css
1625 silly gunzTarPerm extractEntry libsass/sass-spec/spec/libsass/simple-inheritance/input.scss
1626 silly gunzTarPerm extractEntry libsass/sass-spec/spec/libsass/simple-lists/expected_output.css
1627 silly gunzTarPerm extractEntry libsass/sass-spec/spec/libsass/simple-lists/input.scss
1628 silly gunzTarPerm extractEntry libsass/sass-spec/spec/libsass/strings/expected_output.css
1629 silly gunzTarPerm extractEntry libsass/sass-spec/spec/libsass/strings/input.scss
1630 silly gunzTarPerm extractEntry libsass/sass-spec/spec/libsass/test/expected_output.css
1631 silly gunzTarPerm extractEntry libsass/sass-spec/spec/libsass/test/input.scss
1632 silly gunzTarPerm extractEntry libsass/sass-spec/spec/libsass/types/expected_output.css
1633 silly gunzTarPerm extractEntry libsass/sass-spec/spec/libsass/types/input.scss
1634 silly gunzTarPerm extractEntry libsass/sass-spec/spec/libsass/unary-ops/expected_output.css
1635 silly gunzTarPerm extractEntry libsass/sass-spec/spec/libsass/unary-ops/input.scss
1636 silly gunzTarPerm extractEntry libsass/sass-spec/spec/libsass/units/expected_output.css
1637 silly gunzTarPerm extractEntry libsass/sass-spec/spec/libsass/units/input.scss
1638 silly gunzTarPerm extractEntry libsass/sass-spec/spec/libsass/unquote/expected_output.css
1639 silly gunzTarPerm extractEntry libsass/sass-spec/spec/libsass/unquote/input.scss
1640 silly gunzTarPerm extractEntry libsass/sass-spec/spec/libsass/url/expected_output.css
1641 silly gunzTarPerm extractEntry libsass/sass-spec/spec/libsass/url/input.scss
1642 silly gunzTarPerm extractEntry libsass/sass-spec/spec/libsass/var-args/expected_output.css
1643 silly gunzTarPerm extractEntry libsass/sass-spec/spec/libsass/var-args/input.scss
1644 silly gunzTarPerm extractEntry libsass/sass-spec/spec/libsass/vars/expected_output.css
1645 silly gunzTarPerm extractEntry libsass/sass-spec/spec/libsass/vars/input.scss
1646 silly gunzTarPerm extractEntry libsass/sass-spec/spec/libsass/weird-selectors/expected_output.css
1647 silly gunzTarPerm extractEntry libsass/sass-spec/spec/libsass/weird-selectors/input.scss
1648 silly gunzTarPerm extractEntry libsass/sass-spec/spec/libsass/while/expected_output.css
1649 silly gunzTarPerm extractEntry libsass/sass-spec/spec/libsass/while/input.scss
1650 silly gunzTarPerm extractEntry libsass/sass-spec/spec/scss/mix/expected_output.css
1651 silly gunzTarPerm extractEntry libsass/sass-spec/spec/scss/mix/input.scss
1652 silly gunzTarPerm extractEntry libsass/sass-spec/spec/scss/almost_ambiguous_nested_rules_and_declarations/expected_output.css
1653 silly gunzTarPerm extractEntry libsass/sass-spec/spec/scss/almost_ambiguous_nested_rules_and_declarations/input.scss
1654 silly gunzTarPerm extractEntry libsass/sass-spec/spec/scss/basic_mixins/expected_output.css
1655 silly gunzTarPerm extractEntry libsass/sass-spec/spec/scss/basic_mixins/input.scss
1656 silly gunzTarPerm extractEntry libsass/sass-spec/spec/scss/basic_prop_name_interpolation/expected_output.css
1657 silly gunzTarPerm extractEntry libsass/sass-spec/spec/scss/basic_prop_name_interpolation/input.scss
1658 silly gunzTarPerm extractEntry libsass/sass-spec/spec/scss/basic_selector_interpolation/expected_output.css
1659 silly gunzTarPerm extractEntry libsass/sass-spec/spec/scss/basic_selector_interpolation/input.scss
1660 silly gunzTarPerm extractEntry libsass/sass-spec/spec/scss/block_comment_in_script/expected_output.css
1661 silly gunzTarPerm extractEntry libsass/sass-spec/spec/scss/block_comment_in_script/input.scss
1662 silly gunzTarPerm extractEntry libsass/sass-spec/spec/scss/comment_after_if_directive/expected_output.css
1663 silly gunzTarPerm extractEntry libsass/sass-spec/spec/scss/comment_after_if_directive/input.scss
1664 silly gunzTarPerm extractEntry libsass/sass-spec/spec/scss/css_basic_scss/expected_output.css
1665 silly gunzTarPerm extractEntry libsass/sass-spec/spec/scss/css_basic_scss/input.scss
1666 silly gunzTarPerm extractEntry libsass/sass-spec/spec/scss/css_block_directive_with_semicolon/expected_output.css
1667 silly gunzTarPerm extractEntry libsass/sass-spec/spec/scss/css_block_directive_with_semicolon/input.scss
1668 silly gunzTarPerm extractEntry libsass/sass-spec/spec/scss/css_cdo_and_cdc_ignored_at_toplevel/expected_output.css
1669 silly gunzTarPerm extractEntry libsass/sass-spec/spec/scss/css_cdo_and_cdc_ignored_at_toplevel/input.scss
1670 silly gunzTarPerm extractEntry libsass/sass-spec/spec/scss/css_crazy_comments/expected_output.css
1671 silly gunzTarPerm extractEntry libsass/sass-spec/spec/scss/css_crazy_comments/input.scss
1672 silly gunzTarPerm extractEntry libsass/sass-spec/spec/scss/css_empty_declarations/expected_output.css
1673 silly gunzTarPerm extractEntry libsass/sass-spec/spec/scss/css_empty_declarations/input.scss
1674 silly gunzTarPerm extractEntry libsass/sass-spec/spec/scss/css_empty_rule/expected_output.css
1675 silly gunzTarPerm extractEntry libsass/sass-spec/spec/scss/css_empty_rule/input.scss
1676 silly gunzTarPerm extractEntry libsass/sass-spec/spec/scss/css_import_directive/expected_output.css
1677 silly gunzTarPerm extractEntry libsass/sass-spec/spec/scss/css_import_directive/input.scss
1678 silly gunzTarPerm extractEntry libsass/sass-spec/spec/scss/css_invisible_comments/expected_output.css
1679 silly gunzTarPerm extractEntry libsass/sass-spec/spec/scss/css_invisible_comments/input.scss
1680 silly gunzTarPerm extractEntry libsass/sass-spec/spec/scss/css_nth_selectors/expected_output.css
1681 silly gunzTarPerm extractEntry libsass/sass-spec/spec/scss/css_nth_selectors/input.scss
1682 silly gunzTarPerm extractEntry libsass/sass-spec/spec/scss/css_property_comments/expected_output.css
1683 silly gunzTarPerm extractEntry libsass/sass-spec/spec/scss/css_property_comments/input.scss
1684 silly gunzTarPerm extractEntry libsass/sass-spec/spec/scss/css_rule_comments/expected_output.css
1685 silly gunzTarPerm extractEntry libsass/sass-spec/spec/scss/css_rule_comments/input.scss
1686 silly gunzTarPerm extractEntry libsass/sass-spec/spec/scss/css_selector_comments/expected_output.css
1687 silly gunzTarPerm extractEntry libsass/sass-spec/spec/scss/css_selector_comments/input.scss
1688 silly gunzTarPerm extractEntry libsass/sass-spec/spec/scss/css_selector_hacks/expected_output.css
1689 silly gunzTarPerm extractEntry libsass/sass-spec/spec/scss/css_selector_hacks/input.scss
1690 silly gunzTarPerm extractEntry libsass/sass-spec/spec/scss/css_spaceless_combo_selectors/expected_output.css
1691 silly gunzTarPerm extractEntry libsass/sass-spec/spec/scss/css_spaceless_combo_selectors/input.scss
1692 silly gunzTarPerm extractEntry libsass/sass-spec/spec/scss/css_unary_ops/expected_output.css
1693 silly gunzTarPerm extractEntry libsass/sass-spec/spec/scss/css_unary_ops/input.scss
1694 silly gunzTarPerm extractEntry libsass/sass-spec/spec/scss/each_directive/expected_output.css
1695 silly gunzTarPerm extractEntry libsass/sass-spec/spec/scss/each_directive/input.scss
1696 silly gunzTarPerm extractEntry libsass/sass-spec/spec/scss/for_directive/expected_output.css
1697 silly gunzTarPerm extractEntry libsass/sass-spec/spec/scss/for_directive/input.scss
1698 silly gunzTarPerm extractEntry libsass/sass-spec/spec/scss/function_args/expected_output.css
1699 silly gunzTarPerm extractEntry libsass/sass-spec/spec/scss/function_args/input.scss
1700 silly gunzTarPerm extractEntry libsass/sass-spec/spec/scss/guard_assign/expected_output.css
1701 silly gunzTarPerm extractEntry libsass/sass-spec/spec/scss/guard_assign/input.scss
1702 silly gunzTarPerm extractEntry libsass/sass-spec/spec/scss/if_directive/expected_output.css
1703 silly gunzTarPerm extractEntry libsass/sass-spec/spec/scss/if_directive/input.scss
1704 silly gunzTarPerm extractEntry libsass/sass-spec/spec/scss/interpolation/expected_output.css
1705 silly gunzTarPerm extractEntry libsass/sass-spec/spec/scss/interpolation/input.scss
1706 silly gunzTarPerm extractEntry libsass/sass-spec/spec/scss/interpolation_with_bracket_on_next_line/expected_output.css
1707 silly gunzTarPerm extractEntry libsass/sass-spec/spec/scss/interpolation_with_bracket_on_next_line/input.scss
1708 silly gunzTarPerm extractEntry libsass/sass-spec/spec/scss/keyword_args_in_functions/expected_output.css
1709 silly gunzTarPerm extractEntry libsass/sass-spec/spec/scss/keyword_args_in_functions/input.scss
1710 silly gunzTarPerm extractEntry libsass/sass-spec/spec/scss/line_comment_in_script/expected_output.css
1711 silly gunzTarPerm extractEntry libsass/sass-spec/spec/scss/line_comment_in_script/input.scss
1712 silly gunzTarPerm extractEntry libsass/sass-spec/spec/scss/basic_function/expected_output.css
1713 silly gunzTarPerm extractEntry libsass/sass-spec/spec/scss/basic_function/input.scss
1714 silly gunzTarPerm extractEntry libsass/sass-spec/spec/scss/mixin_with_keyword_args/expected_output.css
1715 silly gunzTarPerm extractEntry libsass/sass-spec/spec/scss/mixin_with_keyword_args/input.scss
1716 silly gunzTarPerm extractEntry libsass/sass-spec/spec/scss/mixins_with_args/expected_output.css
1717 silly gunzTarPerm extractEntry libsass/sass-spec/spec/scss/mixins_with_args/input.scss
1718 silly gunzTarPerm extractEntry libsass/sass-spec/spec/scss/mixins_with_empty_args/expected_output.css
1719 silly gunzTarPerm extractEntry libsass/sass-spec/spec/scss/mixins_with_empty_args/input.scss
1720 silly gunzTarPerm extractEntry libsass/sass-spec/spec/scss/multiline_var/expected_output.css
1721 silly gunzTarPerm extractEntry libsass/sass-spec/spec/scss/multiline_var/input.scss
1722 silly gunzTarPerm extractEntry libsass/sass-spec/spec/scss/namespace_properties/expected_output.css
1723 silly gunzTarPerm extractEntry libsass/sass-spec/spec/scss/namespace_properties/input.scss
1724 silly gunzTarPerm extractEntry libsass/sass-spec/spec/scss/namespace_properties_with_value/expected_output.css
1725 silly gunzTarPerm extractEntry libsass/sass-spec/spec/scss/namespace_properties_with_value/input.scss
1726 silly gunzTarPerm extractEntry libsass/sass-spec/spec/scss/nested_namespace_properties/expected_output.css
1727 silly gunzTarPerm extractEntry libsass/sass-spec/spec/scss/nested_namespace_properties/input.scss
1728 silly gunzTarPerm extractEntry libsass/sass-spec/spec/scss/nested_rules/expected_output.css
1729 silly gunzTarPerm extractEntry libsass/sass-spec/spec/scss/nested_rules/input.scss
1730 silly gunzTarPerm extractEntry libsass/sass-spec/spec/scss/nested_rules_with_declarations/expected_output.css
1731 silly gunzTarPerm extractEntry libsass/sass-spec/spec/scss/nested_rules_with_declarations/input.scss
1732 silly gunzTarPerm extractEntry libsass/sass-spec/spec/scss/nested_rules_with_fancy_selectors/expected_output.css
1733 silly gunzTarPerm extractEntry libsass/sass-spec/spec/scss/nested_rules_with_fancy_selectors/input.scss
1734 silly gunzTarPerm extractEntry libsass/sass-spec/spec/scss/newlines_in_selectors/expected_output.css
1735 silly gunzTarPerm extractEntry libsass/sass-spec/spec/scss/newlines_in_selectors/input.scss
1736 silly gunzTarPerm extractEntry libsass/sass-spec/spec/scss/no_namespace_properties_without_space/expected_output.css
1737 silly gunzTarPerm extractEntry libsass/sass-spec/spec/scss/no_namespace_properties_without_space/input.scss
1738 silly gunzTarPerm extractEntry libsass/sass-spec/spec/scss/one_line_comments/expected_output.css
1739 silly gunzTarPerm extractEntry libsass/sass-spec/spec/scss/one_line_comments/input.scss
1740 silly gunzTarPerm extractEntry libsass/sass-spec/spec/scss/parent_selectors/expected_output.css
1741 silly gunzTarPerm extractEntry libsass/sass-spec/spec/scss/parent_selectors/input.scss
1742 silly gunzTarPerm extractEntry libsass/sass-spec/spec/scss/passing_all_as_keyword_args_in_opposite_order/expected_output.css
1743 silly gunzTarPerm extractEntry libsass/sass-spec/spec/scss/passing_all_as_keyword_args_in_opposite_order/input.scss
1744 silly gunzTarPerm extractEntry libsass/sass-spec/spec/scss/passing_required_args_as_a_keyword_arg/expected_output.css
1745 silly gunzTarPerm extractEntry libsass/sass-spec/spec/scss/passing_required_args_as_a_keyword_arg/input.scss
1746 silly gunzTarPerm extractEntry libsass/sass-spec/spec/scss/prop_name_interpolation_after_hyphen/expected_output.css
1747 silly gunzTarPerm extractEntry libsass/sass-spec/spec/scss/prop_name_interpolation_after_hyphen/input.scss
1748 silly gunzTarPerm extractEntry libsass/sass-spec/spec/scss/prop_name_only_interpolation/expected_output.css
1749 silly gunzTarPerm extractEntry libsass/sass-spec/spec/scss/prop_name_only_interpolation/input.scss
1750 silly gunzTarPerm extractEntry libsass/sass-spec/spec/scss/property_interpolation_at_dashes/expected_output.css
1751 silly gunzTarPerm extractEntry libsass/sass-spec/spec/scss/property_interpolation_at_dashes/input.scss
1752 silly gunzTarPerm extractEntry libsass/sass-spec/spec/scss/sass_script/expected_output.css
1753 silly gunzTarPerm extractEntry libsass/sass-spec/spec/scss/sass_script/input.scss
1754 silly gunzTarPerm extractEntry libsass/sass-spec/spec/scss/selector_interpolation_at_attr_beginning/expected_output.css
1755 silly gunzTarPerm extractEntry libsass/sass-spec/spec/scss/selector_interpolation_at_attr_beginning/input.scss
1756 silly gunzTarPerm extractEntry libsass/sass-spec/spec/scss/selector_interpolation_at_class_begininng/expected_output.css
1757 silly gunzTarPerm extractEntry libsass/sass-spec/spec/scss/selector_interpolation_at_class_begininng/input.scss
1758 silly gunzTarPerm extractEntry libsass/sass-spec/spec/scss/selector_interpolation_at_id_begininng/expected_output.css
1759 silly gunzTarPerm extractEntry libsass/sass-spec/spec/scss/selector_interpolation_at_id_begininng/input.scss
1760 silly gunzTarPerm extractEntry libsass/sass-spec/spec/scss/selector_interpolation_at_pseudo_begininng/expected_output.css
1761 silly gunzTarPerm extractEntry libsass/sass-spec/spec/scss/selector_interpolation_at_pseudo_begininng/input.scss
1762 silly gunzTarPerm extractEntry libsass/sass-spec/spec/scss/selector_interpolation_in_pseudoclass/expected_output.css
1763 silly gunzTarPerm extractEntry libsass/sass-spec/spec/scss/selector_interpolation_in_pseudoclass/input.scss
1764 silly gunzTarPerm extractEntry libsass/sass-spec/spec/scss/several_namespace_properties/expected_output.css
1765 silly gunzTarPerm extractEntry libsass/sass-spec/spec/scss/several_namespace_properties/input.scss
1766 silly gunzTarPerm extractEntry libsass/sass-spec/spec/scss/star_plus_and_parent/expected_output.css
1767 silly gunzTarPerm extractEntry libsass/sass-spec/spec/scss/star_plus_and_parent/input.scss
1768 silly gunzTarPerm extractEntry libsass/sass-spec/spec/scss/url_import/expected_output.css
1769 silly gunzTarPerm extractEntry libsass/sass-spec/spec/scss/url_import/input.scss
1770 silly gunzTarPerm extractEntry libsass/sass-spec/spec/scss/variables/expected_output.css
1771 silly gunzTarPerm extractEntry libsass/sass-spec/spec/scss/variables/input.scss
1772 silly gunzTarPerm extractEntry libsass/sass-spec/spec/scss/weird_added_space/expected_output.css
1773 silly gunzTarPerm extractEntry libsass/sass-spec/spec/scss/weird_added_space/input.scss
1774 silly gunzTarPerm extractEntry libsass/sass-spec/spec/scss/while_directive/expected_output.css
1775 silly gunzTarPerm extractEntry libsass/sass-spec/spec/scss/while_directive/input.scss
1776 silly gunzTarPerm extractEntry libsass/sass-spec/spec/todo/import_with_interpolation/expected_output.css
1777 silly gunzTarPerm extractEntry libsass/sass-spec/spec/todo/import_with_interpolation/input.scss
1778 silly gunzTarPerm extractEntry libsass/sass-spec/spec/todo/css_bizarrely_formatted_comments/expected_output.css
1779 silly gunzTarPerm extractEntry libsass/sass-spec/spec/todo/css_bizarrely_formatted_comments/input.scss
1780 silly gunzTarPerm extractEntry libsass/sass-spec/spec/todo/css_closing_line_comment_end_with_compact_output/expected_output.css
1781 silly gunzTarPerm extractEntry libsass/sass-spec/spec/todo/css_closing_line_comment_end_with_compact_output/input.scss
1782 silly gunzTarPerm extractEntry libsass/sass-spec/spec/todo/css_directive_with_lots_of_whitespace/expected_output.css
1783 silly gunzTarPerm extractEntry libsass/sass-spec/spec/todo/css_directive_with_lots_of_whitespace/input.scss
1784 silly gunzTarPerm extractEntry libsass/sass-spec/spec/todo/css_empty_block_directive/expected_output.css
1785 silly gunzTarPerm extractEntry libsass/sass-spec/spec/todo/css_empty_block_directive/input.scss
1786 silly gunzTarPerm extractEntry libsass/sass-spec/spec/todo/css_error_with_windows_newlines/expected_output.css
1787 silly gunzTarPerm extractEntry libsass/sass-spec/spec/todo/css_error_with_windows_newlines/input.scss
1788 silly gunzTarPerm extractEntry libsass/sass-spec/spec/todo/css_ms_long_filter_syntax/expected_output.css
1789 silly gunzTarPerm extractEntry libsass/sass-spec/spec/todo/css_ms_long_filter_syntax/input.scss
1790 silly gunzTarPerm extractEntry libsass/sass-spec/spec/todo/css_multiple_comments/expected_output.css
1791 silly gunzTarPerm extractEntry libsass/sass-spec/spec/todo/css_multiple_comments/input.scss
1792 silly gunzTarPerm extractEntry libsass/sass-spec/spec/todo/css_unicode/expected_output.css
1793 silly gunzTarPerm extractEntry libsass/sass-spec/spec/todo/css_unicode/input.scss
1794 silly gunzTarPerm extractEntry libsass/sass-spec/spec/todo/directive_interpolation/expected_output.css
1795 silly gunzTarPerm extractEntry libsass/sass-spec/spec/todo/directive_interpolation/input.scss
1796 silly gunzTarPerm extractEntry libsass/sass-spec/spec/todo/empty_content/expected_output.css
1797 silly gunzTarPerm extractEntry libsass/sass-spec/spec/todo/empty_content/input.scss
1798 silly gunzTarPerm extractEntry libsass/sass-spec/spec/todo/http_import/expected_output.css
1799 silly gunzTarPerm extractEntry libsass/sass-spec/spec/todo/http_import/input.scss
1800 silly gunzTarPerm extractEntry libsass/sass-spec/spec/todo/css_blockless_directive_without_semicolon/expected_output.css
1801 silly gunzTarPerm extractEntry libsass/sass-spec/spec/todo/css_blockless_directive_without_semicolon/input.scss
1802 silly gunzTarPerm extractEntry libsass/sass-spec/spec/todo/media_import/expected_output.css
1803 silly gunzTarPerm extractEntry libsass/sass-spec/spec/todo/media_import/input.scss
1804 silly gunzTarPerm extractEntry libsass/sass-spec/spec/todo/media_interpolation/expected_output.css
1805 silly gunzTarPerm extractEntry libsass/sass-spec/spec/todo/media_interpolation/input.scss
1806 silly gunzTarPerm extractEntry libsass/sass-spec/spec/todo/mixin_content/expected_output.css
1807 silly gunzTarPerm extractEntry libsass/sass-spec/spec/todo/mixin_content/input.scss
1808 silly gunzTarPerm extractEntry libsass/sass-spec/spec/todo/namespace_properties_with_script_value/expected_output.css
1809 silly gunzTarPerm extractEntry libsass/sass-spec/spec/todo/namespace_properties_with_script_value/input.scss
1810 silly gunzTarPerm extractEntry libsass/sass-spec/spec/todo/newlines_removed_from_selectors_when_compressed/expected_output.css
1811 silly gunzTarPerm extractEntry libsass/sass-spec/spec/todo/newlines_removed_from_selectors_when_compressed/input.scss
1812 silly gunzTarPerm extractEntry libsass/sass-spec/spec/todo/newlines_removed_from_selectors_when_compressed/options.cfg
1813 silly gunzTarPerm extractEntry libsass/sass-spec/spec/todo/options_passed_to_script/expected_output.css
1814 silly gunzTarPerm extractEntry libsass/sass-spec/spec/todo/options_passed_to_script/input.scss
1815 silly gunzTarPerm extractEntry libsass/sass-spec/spec/todo/options_passed_to_script/options.cfg
1816 silly gunzTarPerm extractEntry libsass/sass-spec/spec/todo/selector_interpolation_before_element_name/expected_output.css
1817 silly gunzTarPerm extractEntry libsass/sass-spec/spec/todo/selector_interpolation_before_element_name/input.scss
1818 silly gunzTarPerm extractEntry libsass/sass-spec/spec/todo/selector_interpolation_in_string/expected_output.css
1819 silly gunzTarPerm extractEntry libsass/sass-spec/spec/todo/selector_interpolation_in_string/input.scss
1820 silly gunzTarPerm extractEntry libsass/sass-spec/spec/todo/selector_only_interpolation/expected_output.css
1821 silly gunzTarPerm extractEntry libsass/sass-spec/spec/todo/selector_only_interpolation/input.scss
1822 silly gunzTarPerm extractEntry libsass/sass-spec/spec/todo/trailing_comma_in_selector/expected_output.css
1823 silly gunzTarPerm extractEntry libsass/sass-spec/spec/todo/trailing_comma_in_selector/input.scss
1824 silly gunzTarPerm extractEntry libsass/sass-spec/spec/todo/unicode_variables/expected_output.css
1825 silly gunzTarPerm extractEntry libsass/sass-spec/spec/todo/unicode_variables/input.scss
1826 silly gunzTarPerm extractEntry libsass/sass-spec/spec/todo/variables_in_media/expected_output.css
1827 silly gunzTarPerm extractEntry libsass/sass-spec/spec/todo/variables_in_media/input.scss
1828 silly gunzTarPerm extractEntry libsass/sass.cpp
1829 silly gunzTarPerm extractEntry libsass/sass.h
1830 silly gunzTarPerm extractEntry libsass/sass_interface.cpp
1831 silly gunzTarPerm extractEntry libsass/sass_interface.h
1832 silly gunzTarPerm extractEntry libsass/sassc++.cpp
1833 silly gunzTarPerm extractEntry libsass/src/functions.hpp
1834 silly gunzTarPerm extractEntry libsass/src/ast.cpp
1835 silly gunzTarPerm extractEntry libsass/src/ast_def_macros.hpp
1836 silly gunzTarPerm extractEntry libsass/src/ast_factory.hpp
1837 silly gunzTarPerm extractEntry libsass/src/ast_fwd_decl.hpp
1838 silly gunzTarPerm extractEntry libsass/src/backtrace.hpp
1839 silly gunzTarPerm extractEntry libsass/src/bind.cpp
1840 silly gunzTarPerm extractEntry libsass/src/bind.hpp
1841 silly gunzTarPerm extractEntry libsass/src/color_names.hpp
1842 silly gunzTarPerm extractEntry libsass/src/constants.cpp
1843 silly gunzTarPerm extractEntry libsass/src/constants.hpp
1844 silly gunzTarPerm extractEntry libsass/src/context.cpp
1845 silly gunzTarPerm extractEntry libsass/src/context.hpp
1846 silly gunzTarPerm extractEntry libsass/src/contextualize.cpp
1847 silly gunzTarPerm extractEntry libsass/src/contextualize.hpp
1848 silly gunzTarPerm extractEntry libsass/src/copy_c_str.cpp
1849 silly gunzTarPerm extractEntry libsass/src/copy_c_str.hpp
1850 silly gunzTarPerm extractEntry libsass/src/environment.hpp
1851 silly gunzTarPerm extractEntry libsass/src/error_handling.cpp
1852 silly gunzTarPerm extractEntry libsass/src/error_handling.hpp
1853 silly gunzTarPerm extractEntry libsass/src/eval.cpp
1854 silly gunzTarPerm extractEntry libsass/src/eval.hpp
1855 silly gunzTarPerm extractEntry libsass/src/expand.cpp
1856 silly gunzTarPerm extractEntry libsass/src/expand.hpp
1857 silly gunzTarPerm extractEntry libsass/src/extend.cpp
1858 silly gunzTarPerm extractEntry libsass/src/extend.hpp
1859 silly gunzTarPerm extractEntry libsass/src/file.cpp
1860 silly gunzTarPerm extractEntry libsass/src/file.hpp
1861 silly gunzTarPerm extractEntry libsass/src/functions.cpp
1862 silly gunzTarPerm extractEntry libsass/src/ast.hpp
1863 silly gunzTarPerm extractEntry libsass/src/inspect.cpp
1864 silly gunzTarPerm extractEntry libsass/src/inspect.hpp
1865 silly gunzTarPerm extractEntry libsass/src/kwd_arg_macros.hpp
1866 silly gunzTarPerm extractEntry libsass/src/memory_manager.hpp
1867 silly gunzTarPerm extractEntry libsass/src/operation.hpp
1868 silly gunzTarPerm extractEntry libsass/src/output_compressed.cpp
1869 silly gunzTarPerm extractEntry libsass/src/output_compressed.hpp
1870 silly gunzTarPerm extractEntry libsass/src/output_nested.cpp
1871 silly gunzTarPerm extractEntry libsass/src/output_nested.hpp
1872 silly gunzTarPerm extractEntry libsass/src/parser.cpp
1873 silly gunzTarPerm extractEntry libsass/src/parser.hpp
1874 silly gunzTarPerm extractEntry libsass/src/prelexer.cpp
1875 silly gunzTarPerm extractEntry libsass/src/prelexer.hpp
1876 silly gunzTarPerm extractEntry libsass/src/sass.cpp
1877 silly gunzTarPerm extractEntry libsass/src/sass.h
1878 silly gunzTarPerm extractEntry libsass/src/sass_classes.txt
1879 silly gunzTarPerm extractEntry libsass/src/sass_interface.cpp
1880 silly gunzTarPerm extractEntry libsass/src/sass_interface.h
1881 silly gunzTarPerm extractEntry libsass/src/sassc++.cpp
1882 silly gunzTarPerm extractEntry libsass/src/stuff.txt
1883 silly gunzTarPerm extractEntry libsass/src/tests/import.scss
1884 silly gunzTarPerm extractEntry libsass/src/tests/#functions.scss#
1885 silly gunzTarPerm extractEntry libsass/src/tests/another-gradient-test.scss
1886 silly gunzTarPerm extractEntry libsass/src/tests/append.scss
1887 silly gunzTarPerm extractEntry libsass/src/tests/arg-eval.scss
1888 silly gunzTarPerm extractEntry libsass/src/tests/arglist.scss
1889 silly gunzTarPerm extractEntry libsass/src/tests/arithmetic.scss
1890 silly gunzTarPerm extractEntry libsass/src/tests/at-stuff.scss
1891 silly gunzTarPerm extractEntry libsass/src/tests/backrefs-in-selector-groups.scss
1892 silly gunzTarPerm extractEntry libsass/src/tests/backslash.scss
1893 silly gunzTarPerm extractEntry libsass/src/tests/basic.scss
1894 silly gunzTarPerm extractEntry libsass/src/tests/blimp.scss
1895 silly gunzTarPerm extractEntry libsass/src/tests/bool.scss
1896 silly gunzTarPerm extractEntry libsass/src/tests/calc.scss
1897 silly gunzTarPerm extractEntry libsass/src/tests/cfunc.scss
1898 silly gunzTarPerm extractEntry libsass/src/tests/charset.scss
1899 silly gunzTarPerm extractEntry libsass/src/tests/classes-and-ids.scss
1900 silly gunzTarPerm extractEntry libsass/src/tests/color-names.scss
1901 silly gunzTarPerm extractEntry libsass/src/tests/colors.scss
1902 silly gunzTarPerm extractEntry libsass/src/tests/compact.scss
1903 silly gunzTarPerm extractEntry libsass/src/tests/comparable.scss
1904 silly gunzTarPerm extractEntry libsass/src/tests/composed-args.scss
1905 silly gunzTarPerm extractEntry libsass/src/tests/concat.scss
1906 silly gunzTarPerm extractEntry libsass/src/tests/cons-up.scss
1907 silly gunzTarPerm extractEntry libsass/src/tests/conversions.scss
1908 silly gunzTarPerm extractEntry libsass/src/tests/css-import.scss
1909 silly gunzTarPerm extractEntry libsass/src/tests/default-args.scss
1910 silly gunzTarPerm extractEntry libsass/src/tests/default-parameters.scss
1911 silly gunzTarPerm extractEntry libsass/src/tests/default-vars-in-default-params.scss
1912 silly gunzTarPerm extractEntry libsass/src/tests/delayed.scss
1913 silly gunzTarPerm extractEntry libsass/src/tests/directives-in-propsets.scss
1914 silly gunzTarPerm extractEntry libsass/src/tests/directives.scss
1915 silly gunzTarPerm extractEntry libsass/src/tests/div.scss
1916 silly gunzTarPerm extractEntry libsass/src/tests/each-in-function.scss
1917 silly gunzTarPerm extractEntry libsass/src/tests/each.scss
1918 silly gunzTarPerm extractEntry libsass/src/tests/empty-properties.scss
1919 silly gunzTarPerm extractEntry libsass/src/tests/empty-rule.scss
1920 silly gunzTarPerm extractEntry libsass/src/tests/env.scss
1921 silly gunzTarPerm extractEntry libsass/src/tests/eq.scss
1922 silly gunzTarPerm extractEntry libsass/src/tests/extend.scss
1923 silly gunzTarPerm extractEntry libsass/src/tests/foo-imp.scss
1924 silly gunzTarPerm extractEntry libsass/src/tests/foo.css
1925 silly gunzTarPerm extractEntry libsass/src/tests/for-in-functions.scss
1926 silly gunzTarPerm extractEntry libsass/src/tests/for.scss
1927 silly gunzTarPerm extractEntry libsass/src/tests/function-names.scss
1928 silly gunzTarPerm extractEntry libsass/src/tests/functions-and-mixins.scss
1929 silly gunzTarPerm extractEntry libsass/src/tests/functions.scss
1930 silly gunzTarPerm extractEntry libsass/src/tests/hey1.scss
1931 silly gunzTarPerm extractEntry libsass/src/tests/hey2.scss
1932 silly gunzTarPerm extractEntry libsass/src/tests/huge.scss
1933 silly gunzTarPerm extractEntry libsass/src/tests/hyphen-interpolated.scss
1934 silly gunzTarPerm extractEntry libsass/src/tests/ie-backslash.scss
1935 silly gunzTarPerm extractEntry libsass/src/tests/ie-functions.scss
1936 silly gunzTarPerm extractEntry libsass/src/tests/ie-hex-str.scss
1937 silly gunzTarPerm extractEntry libsass/src/tests/if-in-function.scss
1938 silly gunzTarPerm extractEntry libsass/src/tests/if-in-mixin.scss
1939 silly gunzTarPerm extractEntry libsass/src/tests/if-in-propset.scss
1940 silly gunzTarPerm extractEntry libsass/src/tests/if.scss
1941 silly gunzTarPerm extractEntry libsass/src/tests/image-url.scss
1942 silly gunzTarPerm extractEntry libsass/src/tests/imp.scss
1943 silly gunzTarPerm extractEntry libsass/src/tests/import-into-function.scss
1944 silly gunzTarPerm extractEntry libsass/src/tests/alpha.scss
1945 silly gunzTarPerm extractEntry libsass/src/tests/important-in-arglist.scss
1946 silly gunzTarPerm extractEntry libsass/src/tests/important.scss
1947 silly gunzTarPerm extractEntry libsass/src/tests/index.scss
1948 silly gunzTarPerm extractEntry libsass/src/tests/inh.scss
1949 silly gunzTarPerm extractEntry libsass/src/tests/inheritance.scss
1950 silly gunzTarPerm extractEntry libsass/src/tests/interpolated-function-call.scss
1951 silly gunzTarPerm extractEntry libsass/src/tests/interpolated-selectors.scss
1952 silly gunzTarPerm extractEntry libsass/src/tests/interpolated-strings.scss
1953 silly gunzTarPerm extractEntry libsass/src/tests/interpolated-urls.scss
1954 silly gunzTarPerm extractEntry libsass/src/tests/keyframes.scss
1955 silly gunzTarPerm extractEntry libsass/src/tests/lang-bug.scss
1956 silly gunzTarPerm extractEntry libsass/src/tests/lang.scss
1957 silly gunzTarPerm extractEntry libsass/src/tests/linear-gradient.scss
1958 silly gunzTarPerm extractEntry libsass/src/tests/list-evaluation.scss
1959 silly gunzTarPerm extractEntry libsass/src/tests/lists.scss
1960 silly gunzTarPerm extractEntry libsass/src/tests/long-selector.scss
1961 silly gunzTarPerm extractEntry libsass/src/tests/media-hoisting.scss
1962 silly gunzTarPerm extractEntry libsass/src/tests/media-with-interpolation.scss
1963 silly gunzTarPerm extractEntry libsass/src/tests/media.scss
1964 silly gunzTarPerm extractEntry libsass/src/tests/media2.scss
1965 silly gunzTarPerm extractEntry libsass/src/tests/mixin-content-selectors.scss
1966 silly gunzTarPerm extractEntry libsass/src/tests/mixin-content-with-no-block.scss
1967 silly gunzTarPerm extractEntry libsass/src/tests/mixin-content.scss
1968 silly gunzTarPerm extractEntry libsass/src/tests/mixin.scss
1969 silly gunzTarPerm extractEntry libsass/src/tests/mixins-and-media-queries.scss
1970 silly gunzTarPerm extractEntry libsass/src/tests/multi-blocks.scss
1971 silly gunzTarPerm extractEntry libsass/src/tests/multiline-var.scss
1972 silly gunzTarPerm extractEntry libsass/src/tests/namespaces.scss
1973 silly gunzTarPerm extractEntry libsass/src/tests/negation.scss
1974 silly gunzTarPerm extractEntry libsass/src/tests/nested-extend.scss
1975 silly gunzTarPerm extractEntry libsass/src/tests/null.scss
1976 silly gunzTarPerm extractEntry libsass/src/tests/numbers.scss
1977 silly gunzTarPerm extractEntry libsass/src/tests/odd-selectors.scss
1978 silly gunzTarPerm extractEntry libsass/src/tests/percentages.scss
1979 silly gunzTarPerm extractEntry libsass/src/tests/placeholder.scss
1980 silly gunzTarPerm extractEntry libsass/src/tests/precision.scss
1981 silly gunzTarPerm extractEntry libsass/src/tests/propsets.scss
1982 silly gunzTarPerm extractEntry libsass/src/tests/quotes-in-interpolated-strings.scss
1983 silly gunzTarPerm extractEntry libsass/src/tests/rel.scss
1984 silly gunzTarPerm extractEntry libsass/src/tests/retina-image.scss
1985 silly gunzTarPerm extractEntry libsass/src/tests/return.scss
1986 silly gunzTarPerm extractEntry libsass/src/tests/scale.scss
1987 silly gunzTarPerm extractEntry libsass/src/tests/selectors.scss
1988 silly gunzTarPerm extractEntry libsass/src/tests/simple-inheritance.scss
1989 silly gunzTarPerm extractEntry libsass/src/tests/simple-lists.scss
1990 silly gunzTarPerm extractEntry libsass/src/tests/slice.scss
1991 silly gunzTarPerm extractEntry libsass/src/tests/strings.scss
1992 silly gunzTarPerm extractEntry libsass/src/tests/test.scss
1993 silly gunzTarPerm extractEntry libsass/src/tests/trace.scss
1994 silly gunzTarPerm extractEntry libsass/src/tests/types.scss
1995 silly gunzTarPerm extractEntry libsass/src/tests/unary-ops.scss
1996 silly gunzTarPerm extractEntry libsass/src/tests/units.scss
1997 silly gunzTarPerm extractEntry libsass/src/tests/unquote.scss
1998 silly gunzTarPerm extractEntry libsass/src/tests/url.scss
1999 silly gunzTarPerm extractEntry libsass/src/tests/var-args.scss
2000 silly gunzTarPerm extractEntry libsass/src/tests/vars.scss
2001 silly gunzTarPerm extractEntry libsass/src/tests/warnings.scss
2002 silly gunzTarPerm extractEntry libsass/src/tests/weird-selectors.scss
2003 silly gunzTarPerm extractEntry libsass/src/tests/while.scss
2004 silly gunzTarPerm extractEntry libsass/src/tests/wrong.scss
2005 silly gunzTarPerm extractEntry libsass/src/to_c.cpp
2006 silly gunzTarPerm extractEntry libsass/src/to_c.hpp
2007 silly gunzTarPerm extractEntry libsass/src/to_string.cpp
2008 silly gunzTarPerm extractEntry libsass/src/to_string.hpp
2009 silly gunzTarPerm extractEntry libsass/src/token.hpp
2010 silly gunzTarPerm extractEntry libsass/src/units.cpp
2011 silly gunzTarPerm extractEntry libsass/src/units.hpp
2012 silly gunzTarPerm extractEntry libsass/to_c.cpp
2013 silly gunzTarPerm extractEntry libsass/to_c.hpp
2014 silly gunzTarPerm extractEntry libsass/to_string.cpp
2015 silly gunzTarPerm extractEntry libsass/to_string.hpp
2016 silly gunzTarPerm extractEntry libsass/token.hpp
2017 silly gunzTarPerm extractEntry libsass/units.cpp
2018 silly gunzTarPerm extractEntry libsass/extend.hpp
2019 silly gunzTarPerm extractEntry .travis.yml
2020 silly gunzTarPerm extractEntry precompiled/win32-ia32/README.md
2021 silly gunzTarPerm extractEntry precompiled/win32-x64/README.md
2022 silly gunzTarPerm extractEntry bin/darwin-x64-v8-3.14/binding.node
2023 silly gunzTarPerm extractEntry bin/linux-ia32-v8-3.14/binding.node
2024 silly gunzTarPerm extractEntry bin/linux-x64-v8-3.14/binding.node
2025 silly gunzTarPerm extractEntry bin/node-sass
2026 silly gunzTarPerm extractEntry bin/win32-ia32-v8-3.14/binding.node
2027 silly gunzTarPerm extractEntry bin/win32-x64-v8-3.14/binding.node
2028 silly gunzTarPerm extractEntry sass_context_wrapper.cpp
2029 silly gunzTarPerm extractEntry sass_context_wrapper.h
2030 silly gunzTarPerm extractEntry scripts/prepublish.sh
2031 silly gunzTarPerm extractEntry test/cli.js
2032 silly gunzTarPerm extractEntry test/mem_test_render.js
2033 silly gunzTarPerm extractEntry test/mem_test_renderSync.js
2034 silly gunzTarPerm extractEntry test/source_comments_spec.js
2035 silly gunzTarPerm extractEntry test/test.js
2036 silly gunzTarPerm extractEntry test/functions/colorBlue.scss
2037 silly gunzTarPerm extractEntry test/include_path.scss
2038 silly gunzTarPerm extractEntry test/large_test.scss
2039 silly gunzTarPerm extractEntry test/lib/vars.scss
2040 silly gunzTarPerm extractEntry test/sample.scss
2041 silly gunzTarPerm extractEntry examples/middleware.js
2042 silly gunzTarPerm extractEntry examples/public/.npmignore
2043 silly gunzTarPerm extractEntry examples/test.scss
2044 silly gentlyRm /Users/drewcoll/Sites/cms.coenv.uw.dev/wp-content/themes/coenv-smea/node_modules/.staging/node-sass-8632b951/node_modules is being purged
2045 verbose gentlyRm don't care about contents; nuking /Users/drewcoll/Sites/cms.coenv.uw.dev/wp-content/themes/coenv-smea/node_modules/.staging/node-sass-8632b951/node_modules
2046 silly doParallel preinstall 18
2047 silly preinstall diff@1.0.7 /Users/drewcoll/Sites/cms.coenv.uw.dev/wp-content/themes/coenv-smea/node_modules/.staging/diff-abc7f16b
2048 info lifecycle diff@1.0.7~preinstall: diff@1.0.7
2049 silly preinstall growl@1.7.0 /Users/drewcoll/Sites/cms.coenv.uw.dev/wp-content/themes/coenv-smea/node_modules/.staging/growl-ce06aba9
2050 info lifecycle growl@1.7.0~preinstall: growl@1.7.0
2051 silly preinstall async@0.2.10 /Users/drewcoll/Sites/cms.coenv.uw.dev/wp-content/themes/coenv-smea/node_modules/.staging/async-21e458a1
2052 info lifecycle async@0.2.10~preinstall: async@0.2.10
2053 silly preinstall colors@0.6.0-1 /Users/drewcoll/Sites/cms.coenv.uw.dev/wp-content/themes/coenv-smea/node_modules/.staging/colors-667db025
2054 info lifecycle colors@0.6.0-1~preinstall: colors@0.6.0-1
2055 silly preinstall mkdirp@0.3.5 /Users/drewcoll/Sites/cms.coenv.uw.dev/wp-content/themes/coenv-smea/node_modules/.staging/mkdirp-5ebc32b2
2056 info lifecycle mkdirp@0.3.5~preinstall: mkdirp@0.3.5
2057 silly preinstall commander@0.6.1 /Users/drewcoll/Sites/cms.coenv.uw.dev/wp-content/themes/coenv-smea/node_modules/.staging/commander-3b2cc3a8
2058 info lifecycle commander@0.6.1~preinstall: commander@0.6.1
2059 silly preinstall mkdirp@0.3.0 /Users/drewcoll/Sites/cms.coenv.uw.dev/wp-content/themes/coenv-smea/node_modules/.staging/mkdirp-6a239798
2060 info lifecycle mkdirp@0.3.0~preinstall: mkdirp@0.3.0
2061 silly preinstall jade@0.26.3 /Users/drewcoll/Sites/cms.coenv.uw.dev/wp-content/themes/coenv-smea/node_modules/.staging/jade-06e4749f
2062 info lifecycle jade@0.26.3~preinstall: jade@0.26.3
2063 silly preinstall commander@0.6.1 /Users/drewcoll/Sites/cms.coenv.uw.dev/wp-content/themes/coenv-smea/node_modules/.staging/commander-701a8b46
2064 info lifecycle commander@0.6.1~preinstall: commander@0.6.1
2065 silly preinstall graceful-fs@2.0.3 /Users/drewcoll/Sites/cms.coenv.uw.dev/wp-content/themes/coenv-smea/node_modules/.staging/graceful-fs-eae06224
2066 info lifecycle graceful-fs@2.0.3~preinstall: graceful-fs@2.0.3
2067 silly preinstall glob@3.2.3 /Users/drewcoll/Sites/cms.coenv.uw.dev/wp-content/themes/coenv-smea/node_modules/.staging/glob-6f9ecb7d
2068 info lifecycle glob@3.2.3~preinstall: glob@3.2.3
2069 silly preinstall mkdirp@0.3.5 /Users/drewcoll/Sites/cms.coenv.uw.dev/wp-content/themes/coenv-smea/node_modules/.staging/mkdirp-582ffe7d
2070 info lifecycle mkdirp@0.3.5~preinstall: mkdirp@0.3.5
2071 silly preinstall mocha@1.13.0 /Users/drewcoll/Sites/cms.coenv.uw.dev/wp-content/themes/coenv-smea/node_modules/.staging/mocha-18aa56eb
2072 info lifecycle mocha@1.13.0~preinstall: mocha@1.13.0
2073 silly preinstall node-watch@0.3.5 /Users/drewcoll/Sites/cms.coenv.uw.dev/wp-content/themes/coenv-smea/node_modules/.staging/node-watch-3b036dbc
2074 info lifecycle node-watch@0.3.5~preinstall: node-watch@0.3.5
2075 silly preinstall minimist@0.0.10 /Users/drewcoll/Sites/cms.coenv.uw.dev/wp-content/themes/coenv-smea/node_modules/.staging/minimist-0b250004
2076 info lifecycle minimist@0.0.10~preinstall: minimist@0.0.10
2077 silly preinstall optimist@0.6.1 /Users/drewcoll/Sites/cms.coenv.uw.dev/wp-content/themes/coenv-smea/node_modules/.staging/optimist-2d5d88d3
2078 info lifecycle optimist@0.6.1~preinstall: optimist@0.6.1
2079 silly preinstall node-sass@0.7.0 /Users/drewcoll/Sites/cms.coenv.uw.dev/wp-content/themes/coenv-smea/node_modules/.staging/node-sass-8632b951
2080 info lifecycle node-sass@0.7.0~preinstall: node-sass@0.7.0
2081 silly preinstall grunt-sass@0.8.1 /Users/drewcoll/Sites/cms.coenv.uw.dev/wp-content/themes/coenv-smea/node_modules/.staging/grunt-sass-62437542
2082 info lifecycle grunt-sass@0.8.1~preinstall: grunt-sass@0.8.1
2083 silly lifecycle diff@1.0.7~preinstall: no script for preinstall, continuing
2084 silly lifecycle growl@1.7.0~preinstall: no script for preinstall, continuing
2085 silly lifecycle async@0.2.10~preinstall: no script for preinstall, continuing
2086 silly lifecycle colors@0.6.0-1~preinstall: no script for preinstall, continuing
2087 silly lifecycle mkdirp@0.3.5~preinstall: no script for preinstall, continuing
2088 silly lifecycle commander@0.6.1~preinstall: no script for preinstall, continuing
2089 silly lifecycle mkdirp@0.3.0~preinstall: no script for preinstall, continuing
2090 silly lifecycle jade@0.26.3~preinstall: no script for preinstall, continuing
2091 silly lifecycle commander@0.6.1~preinstall: no script for preinstall, continuing
2092 silly lifecycle graceful-fs@2.0.3~preinstall: no script for preinstall, continuing
2093 silly lifecycle glob@3.2.3~preinstall: no script for preinstall, continuing
2094 silly lifecycle mkdirp@0.3.5~preinstall: no script for preinstall, continuing
2095 silly lifecycle mocha@1.13.0~preinstall: no script for preinstall, continuing
2096 silly lifecycle node-watch@0.3.5~preinstall: no script for preinstall, continuing
2097 silly lifecycle minimist@0.0.10~preinstall: no script for preinstall, continuing
2098 silly lifecycle optimist@0.6.1~preinstall: no script for preinstall, continuing
2099 silly lifecycle node-sass@0.7.0~preinstall: no script for preinstall, continuing
2100 silly lifecycle grunt-sass@0.8.1~preinstall: no script for preinstall, continuing
2101 silly doReverseSerial remove 0
2102 silly doSerial move 0
2103 silly doSerial finalize 18
2104 silly finalize /Users/drewcoll/Sites/cms.coenv.uw.dev/wp-content/themes/coenv-smea/node_modules/diff
2105 silly finalize /Users/drewcoll/Sites/cms.coenv.uw.dev/wp-content/themes/coenv-smea/node_modules/growl
2106 silly finalize /Users/drewcoll/Sites/cms.coenv.uw.dev/wp-content/themes/coenv-smea/node_modules/grunt-sass/node_modules/async
2107 silly finalize /Users/drewcoll/Sites/cms.coenv.uw.dev/wp-content/themes/coenv-smea/node_modules/grunt-sass/node_modules/colors
2108 silly finalize /Users/drewcoll/Sites/cms.coenv.uw.dev/wp-content/themes/coenv-smea/node_modules/grunt-sass/node_modules/mkdirp
2109 silly finalize /Users/drewcoll/Sites/cms.coenv.uw.dev/wp-content/themes/coenv-smea/node_modules/jade/node_modules/commander
2110 silly finalize /Users/drewcoll/Sites/cms.coenv.uw.dev/wp-content/themes/coenv-smea/node_modules/jade/node_modules/mkdirp
2111 silly finalize /Users/drewcoll/Sites/cms.coenv.uw.dev/wp-content/themes/coenv-smea/node_modules/jade
2112 silly finalize /Users/drewcoll/Sites/cms.coenv.uw.dev/wp-content/themes/coenv-smea/node_modules/mocha/node_modules/commander
2113 silly finalize /Users/drewcoll/Sites/cms.coenv.uw.dev/wp-content/themes/coenv-smea/node_modules/mocha/node_modules/graceful-fs
2114 silly finalize /Users/drewcoll/Sites/cms.coenv.uw.dev/wp-content/themes/coenv-smea/node_modules/mocha/node_modules/glob
2115 silly finalize /Users/drewcoll/Sites/cms.coenv.uw.dev/wp-content/themes/coenv-smea/node_modules/mocha/node_modules/mkdirp
2116 silly finalize /Users/drewcoll/Sites/cms.coenv.uw.dev/wp-content/themes/coenv-smea/node_modules/mocha
2117 silly finalize /Users/drewcoll/Sites/cms.coenv.uw.dev/wp-content/themes/coenv-smea/node_modules/node-watch
2118 silly finalize /Users/drewcoll/Sites/cms.coenv.uw.dev/wp-content/themes/coenv-smea/node_modules/optimist/node_modules/minimist
2119 silly finalize /Users/drewcoll/Sites/cms.coenv.uw.dev/wp-content/themes/coenv-smea/node_modules/optimist
2120 silly finalize /Users/drewcoll/Sites/cms.coenv.uw.dev/wp-content/themes/coenv-smea/node_modules/grunt-sass/node_modules/node-sass
2121 silly finalize /Users/drewcoll/Sites/cms.coenv.uw.dev/wp-content/themes/coenv-smea/node_modules/grunt-sass
2122 silly doSerial build 18
2123 silly build diff@1.0.7
2124 info linkStuff diff@1.0.7
2125 silly linkStuff diff@1.0.7 has /Users/drewcoll/Sites/cms.coenv.uw.dev/wp-content/themes/coenv-smea/node_modules as its parent node_modules
2126 verbose linkBins diff@1.0.7
2127 verbose linkMans diff@1.0.7
2128 silly build growl@1.7.0
2129 info linkStuff growl@1.7.0
2130 silly linkStuff growl@1.7.0 has /Users/drewcoll/Sites/cms.coenv.uw.dev/wp-content/themes/coenv-smea/node_modules as its parent node_modules
2131 verbose linkBins growl@1.7.0
2132 verbose linkMans growl@1.7.0
2133 silly build async@0.2.10
2134 info linkStuff async@0.2.10
2135 silly linkStuff async@0.2.10 has /Users/drewcoll/Sites/cms.coenv.uw.dev/wp-content/themes/coenv-smea/node_modules/grunt-sass/node_modules as its parent node_modules
2136 verbose linkBins async@0.2.10
2137 verbose linkMans async@0.2.10
2138 silly build colors@0.6.0-1
2139 info linkStuff colors@0.6.0-1
2140 silly linkStuff colors@0.6.0-1 has /Users/drewcoll/Sites/cms.coenv.uw.dev/wp-content/themes/coenv-smea/node_modules/grunt-sass/node_modules as its parent node_modules
2141 verbose linkBins colors@0.6.0-1
2142 verbose linkMans colors@0.6.0-1
2143 silly build mkdirp@0.3.5
2144 info linkStuff mkdirp@0.3.5
2145 silly linkStuff mkdirp@0.3.5 has /Users/drewcoll/Sites/cms.coenv.uw.dev/wp-content/themes/coenv-smea/node_modules/grunt-sass/node_modules as its parent node_modules
2146 verbose linkBins mkdirp@0.3.5
2147 verbose linkMans mkdirp@0.3.5
2148 silly build commander@0.6.1
2149 info linkStuff commander@0.6.1
2150 silly linkStuff commander@0.6.1 has /Users/drewcoll/Sites/cms.coenv.uw.dev/wp-content/themes/coenv-smea/node_modules/jade/node_modules as its parent node_modules
2151 verbose linkBins commander@0.6.1
2152 verbose linkMans commander@0.6.1
2153 silly build mkdirp@0.3.0
2154 info linkStuff mkdirp@0.3.0
2155 silly linkStuff mkdirp@0.3.0 has /Users/drewcoll/Sites/cms.coenv.uw.dev/wp-content/themes/coenv-smea/node_modules/jade/node_modules as its parent node_modules
2156 verbose linkBins mkdirp@0.3.0
2157 verbose linkMans mkdirp@0.3.0
2158 silly build jade@0.26.3
2159 info linkStuff jade@0.26.3
2160 silly linkStuff jade@0.26.3 has /Users/drewcoll/Sites/cms.coenv.uw.dev/wp-content/themes/coenv-smea/node_modules as its parent node_modules
2161 verbose linkBins jade@0.26.3
2162 verbose link bins [ { jade: './bin/jade' },
2162 verbose link bins   '/Users/drewcoll/Sites/cms.coenv.uw.dev/wp-content/themes/coenv-smea/node_modules/.bin',
2162 verbose link bins   false ]
2163 verbose linkMans jade@0.26.3
2164 silly build commander@0.6.1
2165 info linkStuff commander@0.6.1
2166 silly linkStuff commander@0.6.1 has /Users/drewcoll/Sites/cms.coenv.uw.dev/wp-content/themes/coenv-smea/node_modules/mocha/node_modules as its parent node_modules
2167 verbose linkBins commander@0.6.1
2168 verbose linkMans commander@0.6.1
2169 silly build graceful-fs@2.0.3
2170 info linkStuff graceful-fs@2.0.3
2171 silly linkStuff graceful-fs@2.0.3 has /Users/drewcoll/Sites/cms.coenv.uw.dev/wp-content/themes/coenv-smea/node_modules/mocha/node_modules as its parent node_modules
2172 verbose linkBins graceful-fs@2.0.3
2173 verbose linkMans graceful-fs@2.0.3
2174 silly build glob@3.2.3
2175 info linkStuff glob@3.2.3
2176 silly linkStuff glob@3.2.3 has /Users/drewcoll/Sites/cms.coenv.uw.dev/wp-content/themes/coenv-smea/node_modules/mocha/node_modules as its parent node_modules
2177 verbose linkBins glob@3.2.3
2178 verbose linkMans glob@3.2.3
2179 silly build mkdirp@0.3.5
2180 info linkStuff mkdirp@0.3.5
2181 silly linkStuff mkdirp@0.3.5 has /Users/drewcoll/Sites/cms.coenv.uw.dev/wp-content/themes/coenv-smea/node_modules/mocha/node_modules as its parent node_modules
2182 verbose linkBins mkdirp@0.3.5
2183 verbose linkMans mkdirp@0.3.5
2184 silly build mocha@1.13.0
2185 info linkStuff mocha@1.13.0
2186 silly linkStuff mocha@1.13.0 has /Users/drewcoll/Sites/cms.coenv.uw.dev/wp-content/themes/coenv-smea/node_modules as its parent node_modules
2187 verbose linkBins mocha@1.13.0
2188 verbose link bins [ { mocha: './bin/mocha', _mocha: './bin/_mocha' },
2188 verbose link bins   '/Users/drewcoll/Sites/cms.coenv.uw.dev/wp-content/themes/coenv-smea/node_modules/.bin',
2188 verbose link bins   false ]
2189 verbose linkMans mocha@1.13.0
2190 silly build node-watch@0.3.5
2191 info linkStuff node-watch@0.3.5
2192 silly linkStuff node-watch@0.3.5 has /Users/drewcoll/Sites/cms.coenv.uw.dev/wp-content/themes/coenv-smea/node_modules as its parent node_modules
2193 verbose linkBins node-watch@0.3.5
2194 verbose linkMans node-watch@0.3.5
2195 silly build minimist@0.0.10
2196 info linkStuff minimist@0.0.10
2197 silly linkStuff minimist@0.0.10 has /Users/drewcoll/Sites/cms.coenv.uw.dev/wp-content/themes/coenv-smea/node_modules/optimist/node_modules as its parent node_modules
2198 verbose linkBins minimist@0.0.10
2199 verbose linkMans minimist@0.0.10
2200 silly build optimist@0.6.1
2201 info linkStuff optimist@0.6.1
2202 silly linkStuff optimist@0.6.1 has /Users/drewcoll/Sites/cms.coenv.uw.dev/wp-content/themes/coenv-smea/node_modules as its parent node_modules
2203 verbose linkBins optimist@0.6.1
2204 verbose linkMans optimist@0.6.1
2205 silly build node-sass@0.7.0
2206 info linkStuff node-sass@0.7.0
2207 silly linkStuff node-sass@0.7.0 has /Users/drewcoll/Sites/cms.coenv.uw.dev/wp-content/themes/coenv-smea/node_modules/grunt-sass/node_modules as its parent node_modules
2208 verbose linkBins node-sass@0.7.0
2209 verbose link bins [ { 'node-sass': 'bin/node-sass' },
2209 verbose link bins   '/Users/drewcoll/Sites/cms.coenv.uw.dev/wp-content/themes/coenv-smea/node_modules/grunt-sass/node_modules/.bin',
2209 verbose link bins   false ]
2210 verbose linkMans node-sass@0.7.0
2211 silly gentlyRm /Users/drewcoll/Sites/cms.coenv.uw.dev/wp-content/themes/coenv-smea/node_modules/grunt-sass/node_modules/.bin/node-sass is being purged
2212 verbose gentlyRm don't care about contents; nuking /Users/drewcoll/Sites/cms.coenv.uw.dev/wp-content/themes/coenv-smea/node_modules/grunt-sass/node_modules/.bin/node-sass
2213 silly build grunt-sass@0.8.1
2214 info linkStuff grunt-sass@0.8.1
2215 silly linkStuff grunt-sass@0.8.1 has /Users/drewcoll/Sites/cms.coenv.uw.dev/wp-content/themes/coenv-smea/node_modules as its parent node_modules
2216 verbose linkBins grunt-sass@0.8.1
2217 verbose linkMans grunt-sass@0.8.1
2218 silly doSerial global-link 0
2219 silly doParallel update-linked 0
2220 silly doSerial install 18
2221 silly install diff@1.0.7 /Users/drewcoll/Sites/cms.coenv.uw.dev/wp-content/themes/coenv-smea/node_modules/.staging/diff-abc7f16b
2222 info lifecycle diff@1.0.7~install: diff@1.0.7
2223 silly lifecycle diff@1.0.7~install: no script for install, continuing
2224 silly install growl@1.7.0 /Users/drewcoll/Sites/cms.coenv.uw.dev/wp-content/themes/coenv-smea/node_modules/.staging/growl-ce06aba9
2225 info lifecycle growl@1.7.0~install: growl@1.7.0
2226 silly lifecycle growl@1.7.0~install: no script for install, continuing
2227 silly install async@0.2.10 /Users/drewcoll/Sites/cms.coenv.uw.dev/wp-content/themes/coenv-smea/node_modules/.staging/async-21e458a1
2228 info lifecycle async@0.2.10~install: async@0.2.10
2229 silly lifecycle async@0.2.10~install: no script for install, continuing
2230 silly install colors@0.6.0-1 /Users/drewcoll/Sites/cms.coenv.uw.dev/wp-content/themes/coenv-smea/node_modules/.staging/colors-667db025
2231 info lifecycle colors@0.6.0-1~install: colors@0.6.0-1
2232 silly lifecycle colors@0.6.0-1~install: no script for install, continuing
2233 silly install mkdirp@0.3.5 /Users/drewcoll/Sites/cms.coenv.uw.dev/wp-content/themes/coenv-smea/node_modules/.staging/mkdirp-5ebc32b2
2234 info lifecycle mkdirp@0.3.5~install: mkdirp@0.3.5
2235 silly lifecycle mkdirp@0.3.5~install: no script for install, continuing
2236 silly install commander@0.6.1 /Users/drewcoll/Sites/cms.coenv.uw.dev/wp-content/themes/coenv-smea/node_modules/.staging/commander-3b2cc3a8
2237 info lifecycle commander@0.6.1~install: commander@0.6.1
2238 silly lifecycle commander@0.6.1~install: no script for install, continuing
2239 silly install mkdirp@0.3.0 /Users/drewcoll/Sites/cms.coenv.uw.dev/wp-content/themes/coenv-smea/node_modules/.staging/mkdirp-6a239798
2240 info lifecycle mkdirp@0.3.0~install: mkdirp@0.3.0
2241 silly lifecycle mkdirp@0.3.0~install: no script for install, continuing
2242 silly install jade@0.26.3 /Users/drewcoll/Sites/cms.coenv.uw.dev/wp-content/themes/coenv-smea/node_modules/.staging/jade-06e4749f
2243 info lifecycle jade@0.26.3~install: jade@0.26.3
2244 silly lifecycle jade@0.26.3~install: no script for install, continuing
2245 silly install commander@0.6.1 /Users/drewcoll/Sites/cms.coenv.uw.dev/wp-content/themes/coenv-smea/node_modules/.staging/commander-701a8b46
2246 info lifecycle commander@0.6.1~install: commander@0.6.1
2247 silly lifecycle commander@0.6.1~install: no script for install, continuing
2248 silly install graceful-fs@2.0.3 /Users/drewcoll/Sites/cms.coenv.uw.dev/wp-content/themes/coenv-smea/node_modules/.staging/graceful-fs-eae06224
2249 info lifecycle graceful-fs@2.0.3~install: graceful-fs@2.0.3
2250 silly lifecycle graceful-fs@2.0.3~install: no script for install, continuing
2251 silly install glob@3.2.3 /Users/drewcoll/Sites/cms.coenv.uw.dev/wp-content/themes/coenv-smea/node_modules/.staging/glob-6f9ecb7d
2252 info lifecycle glob@3.2.3~install: glob@3.2.3
2253 silly lifecycle glob@3.2.3~install: no script for install, continuing
2254 silly install mkdirp@0.3.5 /Users/drewcoll/Sites/cms.coenv.uw.dev/wp-content/themes/coenv-smea/node_modules/.staging/mkdirp-582ffe7d
2255 info lifecycle mkdirp@0.3.5~install: mkdirp@0.3.5
2256 silly lifecycle mkdirp@0.3.5~install: no script for install, continuing
2257 silly install mocha@1.13.0 /Users/drewcoll/Sites/cms.coenv.uw.dev/wp-content/themes/coenv-smea/node_modules/.staging/mocha-18aa56eb
2258 info lifecycle mocha@1.13.0~install: mocha@1.13.0
2259 silly lifecycle mocha@1.13.0~install: no script for install, continuing
2260 silly install node-watch@0.3.5 /Users/drewcoll/Sites/cms.coenv.uw.dev/wp-content/themes/coenv-smea/node_modules/.staging/node-watch-3b036dbc
2261 info lifecycle node-watch@0.3.5~install: node-watch@0.3.5
2262 silly lifecycle node-watch@0.3.5~install: no script for install, continuing
2263 silly install minimist@0.0.10 /Users/drewcoll/Sites/cms.coenv.uw.dev/wp-content/themes/coenv-smea/node_modules/.staging/minimist-0b250004
2264 info lifecycle minimist@0.0.10~install: minimist@0.0.10
2265 silly lifecycle minimist@0.0.10~install: no script for install, continuing
2266 silly install optimist@0.6.1 /Users/drewcoll/Sites/cms.coenv.uw.dev/wp-content/themes/coenv-smea/node_modules/.staging/optimist-2d5d88d3
2267 info lifecycle optimist@0.6.1~install: optimist@0.6.1
2268 silly lifecycle optimist@0.6.1~install: no script for install, continuing
2269 silly install node-sass@0.7.0 /Users/drewcoll/Sites/cms.coenv.uw.dev/wp-content/themes/coenv-smea/node_modules/.staging/node-sass-8632b951
2270 info lifecycle node-sass@0.7.0~install: node-sass@0.7.0
2271 verbose lifecycle node-sass@0.7.0~install: unsafe-perm in lifecycle false
2272 verbose lifecycle node-sass@0.7.0~install: PATH: /usr/local/lib/node_modules/npm/bin/node-gyp-bin:/Users/drewcoll/Sites/cms.coenv.uw.dev/wp-content/themes/coenv-smea/node_modules/grunt-sass/node_modules/node-sass/node_modules/.bin:/Users/drewcoll/Sites/cms.coenv.uw.dev/wp-content/themes/coenv-smea/node_modules/grunt-sass/node_modules/.bin:/Users/drewcoll/Sites/cms.coenv.uw.dev/wp-content/themes/coenv-smea/node_modules/.bin:/usr/local/git/bin:/usr/local/bin:/usr/bin:/usr/local/sbin:/usr/local/bin:/usr/bin:/bin:/usr/sbin:/sbin:/usr/local/git/bin
2273 verbose lifecycle node-sass@0.7.0~install: CWD: /Users/drewcoll/Sites/cms.coenv.uw.dev/wp-content/themes/coenv-smea/node_modules/grunt-sass/node_modules/node-sass
2274 silly lifecycle node-sass@0.7.0~install: Args: [ '-c', 'node build.js' ]
2275 silly lifecycle node-sass@0.7.0~install: Returned: code: 1  signal: null
2276 info lifecycle node-sass@0.7.0~install: Failed to exec install script
2277 verbose unlock done using /Users/drewcoll/.npm/_locks/staging-85f475169bba75bb.lock for /Users/drewcoll/Sites/cms.coenv.uw.dev/wp-content/themes/coenv-smea/node_modules/.staging
2278 silly rollbackFailedOptional Starting
2279 silly rollbackFailedOptional Finishing
2280 silly runTopLevelLifecycles Starting
2281 silly runTopLevelLifecycles Finishing
2282 silly install printInstalled
2283 warn foundation-libsass-template@0.0.1 No repository field.
2284 warn foundation-libsass-template@0.0.1 No license field.
2285 verbose stack Error: node-sass@0.7.0 install: `node build.js`
2285 verbose stack Exit status 1
2285 verbose stack     at EventEmitter.<anonymous> (/usr/local/lib/node_modules/npm/lib/utils/lifecycle.js:232:16)
2285 verbose stack     at emitTwo (events.js:87:13)
2285 verbose stack     at EventEmitter.emit (events.js:172:7)
2285 verbose stack     at ChildProcess.<anonymous> (/usr/local/lib/node_modules/npm/lib/utils/spawn.js:24:14)
2285 verbose stack     at emitTwo (events.js:87:13)
2285 verbose stack     at ChildProcess.emit (events.js:172:7)
2285 verbose stack     at maybeClose (internal/child_process.js:818:16)
2285 verbose stack     at Process.ChildProcess._handle.onexit (internal/child_process.js:211:5)
2286 verbose pkgid node-sass@0.7.0
2287 verbose cwd /Users/drewcoll/Sites/cms.coenv.uw.dev/wp-content/themes/coenv-smea
2288 error Darwin 15.0.0
2289 error argv "/usr/local/bin/node" "/usr/local/bin/npm" "install" "grunt-sass"
2290 error node v4.2.3
2291 error npm  v3.5.2
2292 error code ELIFECYCLE
2293 error node-sass@0.7.0 install: `node build.js`
2293 error Exit status 1
2294 error Failed at the node-sass@0.7.0 install script 'node build.js'.
2294 error Make sure you have the latest version of node.js and npm installed.
2294 error If you do, this is most likely a problem with the node-sass package,
2294 error not with npm itself.
2294 error Tell the author that this fails on your system:
2294 error     node build.js
2294 error You can get information on how to open an issue for this project with:
2294 error     npm bugs node-sass
2294 error Or if that isn't available, you can get their info via:
2294 error     npm owner ls node-sass
2294 error There is likely additional logging output above.
2295 verbose exit [ 1, true ]
